event_timestamp,eye_timestamp,status,reason,sample_age_seconds,calibration_valid,combined_valid,left_valid,right_valid,raw_x,raw_y,raw_z,coordinate_frame,camera_x,camera_y,camera_z,horizontal_deg,vertical_deg,center_horizontal_deg,center_vertical_deg,delta_horizontal_deg,delta_vertical_deg,instant_direction,rolling_direction,rolling_confidence,rolling_runner_up,rolling_margin,prob_left,prob_right,prob_up,prob_down,prob_center,instant_prob_left,instant_prob_right,instant_prob_up,instant_prob_down,instant_prob_center,valid_samples,required_samples
1787856680.088216,839101874701,center_set,first_valid_direction_sample,,,,,,0.04554031416773796,0.110903799533844,0.9927873015403748,pv_camera,-0.14101361619957067,0.10877740892365925,0.984013534131607,-8.155222600574614,6.308128416104501,-8.155222600574614,6.308128416104501,,,center,,,,,,,,,,,,,,,,
1787856680.103915,839102096922,valid,neutral_center_adaptation,,,,,,0.03533148393034935,0.09539271891117096,0.9948126077651978,pv_camera,-0.13674363945545434,0.10446375866965076,0.9850829915256307,-7.902971824684207,6.053344076080992,-8.155222600574614,6.308128416104501,0.2522507758904071,-0.2547843400235088,center,,,,,0.00937278862468402,0.012062017186677298,0.01207730681600528,0.00936092286139554,0.9571269645112378,,,,,,0,
1787856680.119676,839102319146,valid,neutral_center_adaptation,,,,,,0.032833173871040344,0.08776210993528366,0.9956002831459045,pv_camera,-0.12334854495868153,0.09623158808867782,0.9876864977868772,-7.118603819810577,5.564838393552444,-8.142610061780093,6.295389199103325,1.0240062419695164,-0.7305508055508811,center,,,,,0.006347109683930852,0.017672429739685566,0.015260656793901275,0.007350198058590295,0.9533696057238921,,,,,,0,
1787856680.151483,839102652480,valid,neutral_center_adaptation,,,,,,0.023871980607509613,0.06502768397331238,0.9975979328155518,pv_camera,-0.09971819079851849,0.08745983668098756,0.9911644966359545,-5.745031228194593,5.042688872063425,-8.091409749681617,6.258861658825781,2.346378521487024,-1.216172786762356,center,,,,,0.003224706656552734,0.033690655309579584,0.019146456149363795,0.005674286645679602,0.9382638952388243,,,,,,0,
1787856680.167423,839102874704,valid,neutral_center_adaptation,,,,,,0.01984332501888275,0.05807950347661972,0.9981148838996887,pv_camera,-0.10206829351235594,0.09095880490057957,0.990610195420244,-5.882756063892101,5.246244114148221,-7.974090823607265,6.198053019487663,2.0913347597151644,-0.9518089053394423,center,,,,,0.0036823130993572347,0.02981095293221722,0.016862849484353036,0.0065097694543548934,0.9431341150297176,,,,,,0,
1787856680.198724,839103096925,valid,neutral_center_adaptation,,,,,,0.007871206849813461,0.04015636444091797,0.9991624355316162,pv_camera,-0.07862020577023396,0.07626384556503582,0.9939832438750054,-4.522457708730068,4.387450545263596,-7.8695240856215065,6.15046257422069,3.347066376891439,-1.7630120289570934,center,,,,,0.001907022988503234,0.05419614379587334,0.024546826627331403,0.004210454315584724,0.9151395522727073,,,,,,0,
1787856680.230830,839103541370,valid,neutral_center_adaptation,,,,,,-0.009516945108771324,0.017560061067342758,0.9998005628585815,pv_camera,-0.05758697557969442,0.05846005378651502,0.9966273939416181,-3.306979082167118,3.3570024995648575,-7.702170766776934,6.062311972772835,4.3951916846098165,-2.7053094732079774,center,,,,,0.001075656204433073,0.08719287184577272,0.03745654559691815,0.0025039563069307767,0.8717709700459453,,,,,,0,
1787856680.246491,839103652482,valid,neutral_center_adaptation,,,,,,-0.018662363290786743,0.0026882393285632133,0.9998223185539246,pv_camera,-0.03361263424664498,0.03985522339696846,0.9986399511270211,-1.9277571561089188,2.285433168957868,-7.482411182546443,5.927046499112436,5.5546540264375235,-3.6416133301545677,center,,,,,0.0005529585818083701,0.1429052536671097,0.05490813416069663,0.0014391435369022923,0.8001945100534831,,,,,,0,
1787856680.278311,839103874704,valid,neutral_center_adaptation,,,,,,-0.019540224224328995,-0.0007015522569417953,0.9998088479042053,pv_camera,-0.03527423794798582,0.04379883450244839,0.9984174428731781,-2.0234268668986006,2.511855602447171,-7.204678481224566,5.744965832604707,5.181251614325966,-3.2331102301575356,center,,,,,0.0006899502257812766,0.12274582989854682,0.04634183429842862,0.0018274743400712608,0.8283949112371719,,,,,,0,
1787856680.310429,839104208040,valid,neutral_center_adaptation,,,,,,-0.01768946275115013,-0.007722501177340746,0.9998137950897217,pv_camera,-0.02374417645509705,0.044921033273258436,0.9987083232126045,-1.3619440497027309,2.575378584178177,-6.945615900508268,5.58331032109683,5.583671850805537,-3.007931736918653,center,,,,,0.0005517769143159992,0.14679842623922948,0.040495479019700235,0.002000222854934547,0.8101540949718198,,,,,,0,
1787856680.326064,839104430263,valid,neutral_center_adaptation,,,,,,-0.019421067088842392,-0.009630953893065453,0.9997650980949402,pv_camera,-0.017354360460812925,0.0400084259293294,0.9990486234551618,-0.9951784056222878,2.293271480087786,-6.666432307967991,5.4329137342508975,5.671253902345703,-3.1396422541631117,center,,,,,0.0005233329482013033,0.15197507043764427,0.04285878634969511,0.0018557119423844603,0.802787098322075,,,,,,0,
1787856680.342187,839104541373,valid,neutral_center_adaptation,,,,,,-0.019711153581738472,-0.011405715718865395,0.9997407793998718,pv_camera,-0.017006014467620043,0.04146859216461883,0.9989950707264834,-0.9752588177427699,2.3770007547360086,-6.382869612850706,5.275931621542742,5.407610795107936,-2.898930866806733,center,,,,,0.0006113281013333622,0.1363860301480879,0.03890603413492846,0.002143025232787031,0.8219535823828633,,,,,,0,
1787856680.358009,839104652485,valid,neutral_center_adaptation,,,,,,-0.020801370963454247,-0.013712584972381592,0.9996896386146545,pv_camera,-0.010159421951244231,0.034313273757801306,0.9993594875667308,-0.5824450122819396,1.9664932954226824,-6.1124890730953085,5.1309850782024045,5.530044060813369,-3.164491782779722,center,,,,,0.0005671819553678347,0.14301777782920438,0.04382449045812706,0.0018509537026799108,0.8107395960546209,,,,,,0,
1787856680.389882,839105025101,valid,neutral_center_adaptation,,,,,,-0.02743447571992874,-0.016931168735027313,0.9994803071022034,pv_camera,-0.00671758889344091,0.028298035795430873,0.9995769581025661,-0.38504658868528535,1.6216110877284813,-5.835986870054639,4.972760489063418,5.450940281369354,-3.351149401334937,center,,,,,0.0005908925987875249,0.13766446003168153,0.04817902861113531,0.0016883883484940377,0.8118772304099015,,,,,,0,
1787856680.421390,839105357911,valid,neutral_center_adaptation,,,,,,-0.04605918750166893,-0.028558488935232162,0.998530387878418,pv_camera,0.0043961949854719315,0.01202515053595408,0.999918031252681,0.2519024437871424,0.6890136384304208,-5.5634398559861715,4.8052030189966715,5.815342299773314,-4.116189380566251,center,,,,,0.0004693192492037503,0.1574125804787334,0.06730898941294448,0.001097576337571582,0.7737115345215467,,,,,,0,
1787856680.437308,839105469023,valid,neutral_center_adaptation,,,,,,-0.04920458793640137,-0.027796391397714615,0.9984018802642822,pv_camera,0.0023984577343036323,0.011810798332079599,0.9999273735843297,0.13743122310557845,0.6767265775709076,-5.272672740997505,4.599393549968358,5.410103964103084,-3.9226669723974505,center,,,,,0.0005954911702199029,0.13318448153145046,0.06330831951476659,0.0012527608278055052,0.8016589469557575,,,,,,0,
1787856680.468861,839105913469,invalid,combined_gaze_invalid,,True,False,True,True,,,,,,,,,,,,,,,,,,,,,,,,,,,,,,
1787856680.484725,839106024580,valid,neutral_center_adaptation,,,,,,-0.0567471906542778,-0.03331920877099037,0.9978325366973877,pv_camera,0.0062772646766717025,0.012243122180593992,0.99990534647408,0.35969009398220597,0.7015105767922843,-5.002167542792351,4.403260201348486,5.361857636774556,-3.7017496245562014,center,,,,,0.0006159652472332341,0.1312748087825273,0.057239195331909645,0.001412680936172191,0.8094573497021577,,,,,,0,
1787856680.532370,839106469025,invalid,combined_gaze_invalid,,True,False,True,True,,,,,,,,,,,,,,,,,,,,,,,,,,,,,,
1787856680.548470,839106580136,valid,neutral_center_adaptation,,,,,,-0.06797026842832565,-0.03889226168394089,0.9969291687011719,pv_camera,0.010916114037218292,-0.004102128273400622,0.9999320031871943,0.6254649479492619,-0.235049301179451,-4.734074660953622,4.218172720120675,5.359539608902884,-4.453222021300126,center,,,,,0.0006013389034656701,0.12786090646198325,0.0812705905290907,0.0009460708577040983,0.7893210932477562,,,,,,0,
1787856680.564143,839106691248,invalid,combined_gaze_invalid,,True,False,True,True,,,,,,,,,,,,,,,,,,,,,,,,,,,,,,
1787856680.580114,839106802360,invalid,combined_gaze_invalid,,True,False,True,True,,,,,,,,,,,,,,,,,,,,,,,,,,,,,,
1787856680.611552,839107135694,valid,below_threshold_or_ambiguous,,,,,,0.048897575587034225,-0.07507210224866867,0.995978593826294,pv_camera,0.05173319160322699,0.10728946502106171,0.9928809835937227,2.9826490821122262,6.1673789996531925,-4.4660976805084776,3.995511619055668,7.448746762620704,2.1718673805975244,ambiguous,,,,,0.000179010879266408,0.30748861607194483,0.002504604891238438,0.021977042255248713,0.6678507259023015,,,,,,0,
1787856680.627196,839107357916,valid,below_threshold_or_ambiguous,,,,,,0.05367521941661835,-0.07525020092725754,0.9957190752029419,pv_camera,0.053476719123227226,0.1130516618885993,0.9921489617270388,3.0852507246728558,6.500602380887145,-4.4660976805084776,3.995511619055668,7.551348405181333,2.5050907618314766,ambiguous,,,,,0.00016676101470589587,0.3173974785618301,0.0020791003591594456,0.025457898343811763,0.6548987617204928,,,,,,0,
1787856680.643002,839107580139,valid,below_threshold_or_ambiguous,,,,,,0.052240971475839615,-0.07994294166564941,0.9954296350479126,pv_camera,0.055517236978475895,0.11940809001743377,0.9912918563352895,3.2054978591866803,6.868587157947432,-4.4660976805084776,3.995511619055668,7.671595539695158,2.8730755388917637,ambiguous,,,,,0.00015328215854669056,0.32902069687226326,0.0016884063872181108,0.029870179954846345,0.6392674346271255,,,,,,0,
1787856680.658763,839107691252,valid,below_threshold_or_ambiguous,,,,,,0.05163458734750748,-0.08104829490184784,0.9953718781471252,pv_camera,0.060550039161400115,0.11284247856116335,0.9917662364638787,3.4937273489185383,6.491159400877879,-4.4660976805084776,3.995511619055668,7.959825029427016,2.495647781822211,ambiguous,,,,,0.00012684985571324482,0.3632436782625101,0.0019490410714755643,0.023641065778805648,0.6110393650314956,,,,,,0,
1787856680.690392,839108135696,valid,below_threshold_or_ambiguous,,,,,,0.04102857783436775,-0.08821666240692139,0.9952560663223267,pv_camera,0.0704763714345582,0.10669088962616884,0.9917913768228653,4.064587227063233,6.1399204203500295,-4.4660976805084776,3.995511619055668,8.530684907571711,2.1444088012943614,ambiguous,,,,,8.540046298339915e-05,0.43280234716230814,0.0020807622569927243,0.01776345216939034,0.5472680379483253,,,,,,0,
1787856680.722381,839108357918,valid,below_threshold_or_ambiguous,,,,,,0.03380084037780762,-0.08659504354000092,0.9956701397895813,pv_camera,0.07120597503296978,0.0943280613193379,0.992991402766076,4.101576702225996,5.426462420602583,-4.4660976805084776,3.995511619055668,8.567674382734474,1.4309508015469148,ambiguous,,,,,8.35314914206627e-05,0.43928254093487257,0.0029618978106444385,0.0123886535408068,0.5452833762222556,,,,,,0,
1787856680.738335,839108469030,valid,below_threshold_or_ambiguous,,,,,,0.03578845039010048,-0.08900247514247894,0.995388388633728,pv_camera,0.0742010046831805,0.09883598837735662,0.9923334410899783,4.276291851516972,5.687876695562991,-4.4660976805084776,3.995511619055668,8.742389532025449,1.6923650765073233,ambiguous,,,,,7.349680165307175e-05,0.46029893789023557,0.0024955242793297133,0.013556469884686931,0.5235755711440947,,,,,,0,
1787856680.769876,839108802363,valid,below_threshold_or_ambiguous,,,,,,0.037014614790678024,-0.08916930854320526,0.9953285455703735,pv_camera,0.07638965370311666,0.09445051956994101,0.992594438912533,4.400784666368816,5.43562498022492,-4.4660976805084776,3.995511619055668,8.866882346877293,1.4401133611692516,ambiguous,,,,,6.716155926422747e-05,0.4763858413691052,0.0027531074704292197,0.011621346518943535,0.5091725430822577,,,,,,0,
1787856680.785796,839109024587,valid,below_threshold_or_ambiguous,,,,,,0.03557923808693886,-0.09182954579591751,0.9951390027999878,pv_camera,0.08056672151736466,0.09752990213877241,0.9919661897326667,4.643326499166603,5.61526127798485,-4.4660976805084776,3.995511619055668,9.10942417967508,1.6197496589291815,ambiguous,,,,,5.600400529576316e-05,0.5062811320862862,0.0023690882884243787,0.011968220577107625,0.47932555504288615,,,,,,0,
1787856680.817196,839109246809,invalid,combined_gaze_invalid,,True,False,True,True,,,,,,,,,,,,,,,,,,,,,,,,,,,,,,
1787856680.848949,839109469032,valid,below_threshold_or_ambiguous,,,,,,0.03640557825565338,-0.0877661406993866,0.995475709438324,pv_camera,0.07328639831702756,0.08411581062294632,0.9937573316584701,4.217743827784104,4.838223637516881,-4.4660976805084776,3.995511619055668,8.68384150829258,0.8427120184612131,ambiguous,,,,,7.69614399861051e-05,0.45458765091898756,0.0038810820085983136,0.009014424363390745,0.5324398812690374,,,,,,0,
1787856680.864966,839109691256,valid,below_threshold_or_ambiguous,,,,,,0.03421369194984436,-0.08846543729305267,0.9954915642738342,pv_camera,0.07490240528996972,0.084685950176201,0.9935884054901863,4.311130808888179,4.871684158996374,-4.4660976805084776,3.995511619055668,8.777228489396656,0.8761725399407063,ambiguous,,,,,7.188241872851952e-05,0.46614881157784793,0.003735211362326431,0.008970818733741098,0.5210732759073562,,,,,,0,
1787856680.881086,839109803248,valid,below_threshold_or_ambiguous,,,,,,0.03288053348660469,-0.08943437784910202,0.9954499006271362,pv_camera,0.07623518363557284,0.08479078849191102,0.9934780918384514,4.3880293988845995,4.87822505266817,-4.4660976805084776,3.995511619055668,8.854127079393077,0.8827134336125018,ambiguous,,,,,6.792886185053825e-05,0.4757215997896486,0.003656156840790064,0.008838577839687282,0.5117157366680235,,,,,,0,
1787856680.896925,839110064107,valid,below_threshold_or_ambiguous,,,,,,0.029089171439409256,-0.09486616402864456,0.9950650930404663,pv_camera,0.08069834823935679,0.07939202068018697,0.9935716801739854,4.643396966306452,4.568551445240216,-4.4660976805084776,3.995511619055668,9.10949464681493,0.5730398261845475,ambiguous,,,,,5.6183487211573746e-05,0.5079394561659606,0.004011218350393851,0.007114499248576651,0.4808786427478573,,,,,,0,
1787856680.928430,839110396931,valid,below_threshold_or_ambiguous,,,,,,0.02661977708339691,-0.09553772211074829,0.9950699210166931,pv_camera,0.08149995807728652,0.0752453355024537,0.9938289069646362,4.68810874239258,4.3297497522708515,-4.4660976805084776,3.995511619055668,9.154206422901058,0.33423813321518336,ambiguous,,,,,5.433339712174982e-05,0.5136747227823861,0.004469908559902978,0.006243906856328602,0.4755571284042605,,,,,,0,
1787856680.944312,839110508044,invalid,combined_gaze_invalid,,True,False,True,True,,,,,,,,,,,,,,,,,,,,,,,,,,,,,,
1787856680.960416,839110730265,valid,below_threshold_or_ambiguous,,,,,,0.02975161001086235,-0.08940783888101578,0.995550811290741,pv_camera,0.07587764506174777,0.07742171582925597,0.9941068659344112,4.364777820758274,4.4532450494885145,-4.4660976805084776,3.995511619055668,8.830875501266751,0.4577334304328464,ambiguous,,,,,6.916058185235241e-05,0.4732156935095837,0.00455054420064691,0.007192078850730586,0.5149725228571864,,,,,,0,
1787856680.992409,839111063600,valid,below_threshold_or_ambiguous,,,,,,0.03365578502416611,-0.07726266980171204,0.9964426159858704,pv_camera,0.06345261941916569,0.08178139120608237,0.994628357297963,3.6502551064889945,4.700460886887588,-4.4660976805084776,3.995511619055668,8.116352786997473,0.7049492678319198,ambiguous,,,,,0.00011518137304047727,0.3857176213509195,0.0046854151456610284,0.009482080851309072,0.59999970127907,,,,,,0,
1787856681.008126,839111174711,valid,below_threshold_or_ambiguous,,,,,,0.03401632979512215,-0.07620477676391602,0.9965119361877441,pv_camera,0.06263168071224867,0.0827720547169656,0.9945984413466022,3.603262072778203,4.757282851245879,-4.4660976805084776,3.995511619055668,8.06935975328668,0.761771232190211,ambiguous,,,,,0.00011896820141857636,0.3801100122481424,0.0045946621337632,0.009842073950564207,0.6053342834661116,,,,,,0,
1787856681.027938,839111396933,valid,below_threshold_or_ambiguous,,,,,,0.03353072702884674,-0.0756463035941124,0.996570885181427,pv_camera,0.06057918641343062,0.08111184787923134,0.9948623172615914,3.48455387289676,4.661057043022218,-4.4660976805084776,3.995511619055668,7.950651553405238,0.6655454239665501,ambiguous,,,,,0.00012910062355743027,0.3663130890535758,0.00493025106939311,0.009592056783405651,0.619035502470068,,,,,,0,
1787856681.039656,839111730268,valid,below_threshold_or_ambiguous,,,,,,0.031010232865810394,-0.07714753597974777,0.996537446975708,pv_camera,0.061186451247021156,0.08057365436486646,0.9948688880481121,3.519373589802238,4.6302344609816455,-4.4660976805084776,3.995511619055668,7.985471270310716,0.6347228419259774,ambiguous,,,,,0.00012607052439247147,0.3703903535484839,0.0049751742890854584,0.009385662368494387,0.6151227392695439,,,,,,0,
1787856681.071358,839111841379,valid,below_threshold_or_ambiguous,,,,,,0.02963435649871826,-0.0791359469294548,0.9964233636856079,pv_camera,0.06175907463887177,0.07787059448101377,0.9950487361003599,3.5515858796311233,4.474737127342614,-4.4660976805084776,3.995511619055668,8.0176835601396,0.4792255082869459,ambiguous,,,,,0.00012335169160466636,0.37426639797303807,0.005346880483690391,0.008634266922849906,0.6116291029288169,,,,,,0,
1787856681.087418,839111952490,valid,below_threshold_or_ambiguous,,,,,,0.028504163026809692,-0.079231858253479,0.9964486360549927,pv_camera,0.06116533366480037,0.07725083260816096,0.9951337150448776,3.517228072676273,4.438888632084024,-4.4660976805084776,3.995511619055668,7.983325753184751,0.44337701302835564,ambiguous,,,,,0.00012630104903395024,0.37027234758225797,0.005478807272727347,0.008535760358042783,0.615586783737938,,,,,,0,
1787856681.103452,839112174713,valid,below_threshold_or_ambiguous,,,,,,0.02632128819823265,-0.07948687672615051,0.9964884519577026,pv_camera,0.06002178280034412,0.07422470380288812,0.9954336135247,3.4505928750140114,4.26437951621179,-4.4660976805084776,3.995511619055668,7.916690555522489,0.2688678971561216,ambiguous,,,,,0.00013221183999540627,0.3626146721309136,0.006053045506230205,0.007920302757085487,0.6232797677657753,,,,,,0,
1787856681.152304,839112619159,valid,below_threshold_or_ambiguous,,,,,,0.025749769061803818,-0.07862353324890137,0.9965717792510986,pv_camera,0.05773433391820383,0.07429557951582957,0.9955636160243244,3.3189570762497365,4.267881125548425,-4.4660976805084776,3.995511619055668,7.785054756758214,0.27236950649275693,ambiguous,,,,,0.0001445434008077676,0.3475398351092652,0.006185248359783087,0.008121677054957525,0.6380086960751864,,,,,,0,
1787856681.167025,839112730270,valid,below_threshold_or_ambiguous,,,,,,0.02524569258093834,-0.07836861908435822,0.9966048002243042,pv_camera,0.05915805697008032,0.07322097414522172,0.995559648258581,3.4006259861997634,4.20639072121098,-4.4660976805084776,3.995511619055668,7.866723666708241,0.21087910215531158,ambiguous,,,,,0.000136786547533146,0.35687659556417495,0.006287658016138016,0.007763767888984179,0.6289351919831698,,,,,,0,
1787856681.183102,839113063605,valid,below_threshold_or_ambiguous,,,,,,0.022526979446411133,-0.07805242389440536,0.996694803237915,pv_camera,0.05775168883277892,0.07260866016548177,0.9956870617347277,3.319541833319608,4.1708073562211005,-4.4660976805084776,3.995511619055668,7.785639513828086,0.17529573716543245,ambiguous,,,,,0.0001444976174989845,0.34763297523890746,0.00649270753162988,0.007736700974346185,0.6379931186376174,,,,,,0,
1787856681.198836,839113174716,valid,below_threshold_or_ambiguous,,,,,,0.021695487201213837,-0.07869371771812439,0.9966627955436707,pv_camera,0.060325733274183044,0.07026168061109687,0.9957028181855448,3.4670887961136554,4.03638085314646,-4.4660976805084776,3.995511619055668,7.933186476622133,0.04086923409079146,ambiguous,,,,,0.00013074933019244955,0.3645680316388102,0.006764479526210201,0.007046665713401844,0.6214900737913854,,,,,,0,
1787856681.230240,839113396938,valid,below_threshold_or_ambiguous,,,,,,0.020387452095746994,-0.08028413355350494,0.9965635538101196,pv_camera,0.06187278460837197,0.06970288295097442,0.9956471597072573,3.5559751518396054,4.00460711568264,-4.4660976805084776,3.995511619055668,8.022072832348083,0.009095496626972288,ambiguous,,,,,0.00012302835272083888,0.374927394328489,0.006760847334993451,0.006822621104813795,0.6113661088789831,,,,,,0,
1787856681.252537,839113730272,valid,below_threshold_or_ambiguous,,,,,,0.019194521009922028,-0.0776776373386383,0.9967937469482422,pv_camera,0.061281727821055225,0.06720794346544483,0.9958552315323808,3.5213575974591906,3.860903825974372,-4.4660976805084776,3.995511619055668,7.987455277967668,-0.1346077930812961,ambiguous,,,,,0.00012598276348720587,0.3708675900834178,0.007311301900119395,0.006390506714787187,0.6153046185381883,,,,,,0,
1787856681.277593,839113841384,valid,below_threshold_or_ambiguous,,,,,,0.01906445622444153,-0.07617004215717316,0.9969127178192139,pv_camera,0.06007122872179664,0.0671431191119842,0.9959333557200338,3.4516999150612744,3.8568894422006883,-4.4660976805084776,3.995511619055668,7.917797595569752,-0.1386221768549798,ambiguous,,,,,0.00013212432295183765,0.3627760263236848,0.0074201400161869775,0.006459653962945789,0.6232120553742306,,,,,,0,
1787856681.309209,839114285828,valid,below_threshold_or_ambiguous,,,,,,0.01826804131269455,-0.07302670180797577,0.9971628189086914,pv_camera,0.05829778311782896,0.06384598374907238,0.9962555188517952,3.3489522760832404,3.6668401684816616,-4.4660976805084776,3.995511619055668,7.815049956591718,-0.3286714505740065,ambiguous,,,,,0.0001416397238781019,0.35092809867030117,0.008309439040022992,0.005981794770660138,0.6346390277951376,,,,,,0,
1787856681.325006,839114508052,valid,below_threshold_or_ambiguous,,,,,,0.01933082565665245,-0.07377821207046509,0.9970873594284058,pv_camera,0.058833493357666154,0.06356689100675009,0.9962418734559743,3.379701656332073,3.650904466172072,-4.4660976805084776,3.995511619055668,7.8457993368405505,-0.3446071528835959,ambiguous,,,,,0.00013872212989478067,0.3544321476482892,0.008330477960192668,0.005902132225773866,0.6311965200358496,,,,,,0,
1787856681.352421,839114730275,valid,below_threshold_or_ambiguous,,,,,,0.019443444907665253,-0.07424374669790268,0.9970505833625793,pv_camera,0.05912777019864429,0.06363448224062879,0.9962201360448921,3.3966409074426833,3.6548555193557575,-4.4660976805084776,3.995511619055668,7.862738587951161,-0.3406560996999106,ambiguous,,,,,0.00013713955291635237,0.3563745736097708,0.008289097578948126,0.005896063984060561,0.6293031252743041,,,,,,0,
1787856681.372588,839114842289,valid,below_threshold_or_ambiguous,,,,,,0.019647859036922455,-0.07440929114818573,0.9970342516899109,pv_camera,0.05827815255502853,0.06331538999807353,0.99629052907481,3.3477097746399354,3.6363214616275896,-4.4660976805084776,3.995511619055668,7.813807455148413,-0.35919015742807847,ambiguous,,,,,0.00014175335628628332,0.3507735280524159,0.008438732732346705,0.0058922739319868704,0.6347537119269643,,,,,,0,
1787856681.388279,839115103258,valid,below_threshold_or_ambiguous,,,,,,0.020235147327184677,-0.07242186367511749,0.9971688389778137,pv_camera,0.05583484114552057,0.06353306364389599,0.9964165897546443,3.2072515551542042,3.648328775484086,-4.4660976805084776,3.995511619055668,7.673349235662682,-0.347182843571582,ambiguous,,,,,0.00015577294716969504,0.33495407633083935,0.008592676243099038,0.006072238981244319,0.6502252354976477,,,,,,0,
1787856681.420077,839115324946,valid,below_threshold_or_ambiguous,,,,,,0.021059371531009674,-0.07159847021102905,0.9972112774848938,pv_camera,0.054034671203448174,0.06516843602442596,0.9964102213717327,3.1040719951507416,3.7419989258459934,-4.4660976805084776,3.995511619055668,7.570169675659219,-0.25351269320967473,ambiguous,,,,,0.00016684581092606997,0.32359233386082403,0.008340773880631668,0.0064730235017928595,0.6614270229458254,,,,,,0,
1787856681.452540,839115658280,valid,below_threshold_or_ambiguous,,,,,,0.021907255053520203,-0.06770947575569153,0.9974645972251892,pv_camera,0.049738370110514435,0.06707994287782922,0.9965070876829009,2.8574163756085644,3.851059542954611,-4.4660976805084776,3.995511619055668,7.323514056117042,-0.14445207610105726,ambiguous,,,,,0.0001961199164676996,0.2972237041757749,0.008206726131545296,0.007102891835406869,0.6872705579408052,,,,,,0,
1787856681.467734,839115880502,valid,below_threshold_or_ambiguous,,,,,,0.022229675203561783,-0.06380096077919006,0.9977151155471802,pv_camera,0.045754641426165685,0.06799171791071061,0.9966361618381672,2.6285504284232317,3.9027398782768876,-4.4660976805084776,3.995511619055668,7.094648108931709,-0.09277174077878048,ambiguous,,,,,0.0002271986972757801,0.2738875944432567,0.008262932914324063,0.007530849554597334,0.7100914243905462,,,,,,0,
1787856681.483510,839115991613,valid,below_threshold_or_ambiguous,,,,,,0.02253846824169159,-0.06157683953642845,0.997847855091095,pv_camera,0.043918859333229025,0.06881462181336692,0.9966622705909718,2.5231600360391124,3.9497229839857573,-4.4660976805084776,3.995511619055668,6.9892577165475895,-0.04578863506991082,ambiguous,,,,,0.00024290717068922122,0.2635338425068761,0.0081861790746916,0.0078197971825599,0.7202172740651832,,,,,,0,
1787856681.515220,839116436059,valid,below_threshold_or_ambiguous,,,,,,0.02393459901213646,-0.0604030080139637,0.9978871941566467,pv_camera,0.043210786033808804,0.07107080499216419,0.9965348807985128,2.4828491386892915,4.079309629544278,-4.4660976805084776,3.995511619055668,6.948946819197769,0.08379801048861024,ambiguous,,,,,0.0002491592557979431,0.2596368213995596,0.007713032255509809,0.008387222437899923,0.7240137646512327,,,,,,0,
1787856681.547045,839116547170,valid,below_threshold_or_ambiguous,,,,,,0.024587184190750122,-0.060000017285346985,0.9978955984115601,pv_camera,0.042737451183992234,0.07191977573728447,0.9964943833881827,2.455784940504573,4.128038425804308,-4.4660976805084776,3.995511619055668,6.921882621013051,0.13252680674864026,ambiguous,,,,,0.00025343200312933565,0.2570377334421801,0.0075535540150264945,0.00862396529322329,0.7265313152464408,,,,,,0,
1787856681.562794,839116880503,valid,below_threshold_or_ambiguous,,,,,,0.024354208260774612,-0.06326908618211746,0.9976993799209595,pv_camera,0.04620659265752504,0.0714913881290295,0.9963703790350081,2.6551846115010744,4.104043123061955,-4.4660976805084776,3.995511619055668,7.1212822920095515,0.10853150400628708,ambiguous,,,,,0.00022337222798838173,0.27654306983018395,0.00744438218451006,0.008297806333915456,0.7074913694234021,,,,,,0,
1787856681.594384,839117213839,invalid,combined_gaze_invalid,,True,False,True,True,,,,,,,,,,,,,,,,,,,,,,,,,,,,,,
1787856681.610157,839117324950,invalid,combined_gaze_invalid,,True,False,True,True,,,,,,,,,,,,,,,,,,,,,,,,,,,,,,
1787856681.641985,839117547173,valid,below_threshold_or_ambiguous,,,,,,0.018989209085702896,-0.10309132188558578,0.9944907426834106,pv_camera,0.08668230384171938,0.06321402769232877,0.9942284269239163,4.982761576672622,3.6380253686444144,-4.4660976805084776,3.995511619055668,9.448859257181098,-0.3574862504112537,ambiguous,,,,,4.3354778588259645e-05,0.5503315463019788,0.005840605101141935,0.00408510795146754,0.43969938586682344,,,,,,0,
1787856681.673677,839117880506,valid,below_threshold_or_ambiguous,,,,,,0.018225956708192825,-0.09700293093919754,0.9951173067092896,pv_camera,0.08133799706261383,0.06216026998128454,0.9947463149314483,4.674537751384464,3.575681759369261,-4.4660976805084776,3.995511619055668,9.140635431892942,-0.41982985968640696,ambiguous,,,,,5.48892734385986e-05,0.5119352226145015,0.006539072348039622,0.004297207756901684,0.4771736080071186,,,,,,0,
1787856681.705264,839118213841,valid,below_threshold_or_ambiguous,,,,,,0.01773310825228691,-0.09544378519058228,0.9952768683433533,pv_camera,0.08052674225682949,0.061635370995158215,0.9948449752719222,4.627661075841176,3.545214314092046,-4.4660976805084776,3.995511619055668,9.093758756349654,-0.4502973049636223,ambiguous,,,,,5.686325783918168e-05,0.5060588048982425,0.006718884555925878,0.004282876430632688,0.48288257085735975,,,,,,0,
1787856681.721045,839118547174,valid,below_threshold_or_ambiguous,,,,,,0.01896895468235016,-0.09334594011306763,0.9954531192779541,pv_camera,0.0795097344176323,0.06280256602467886,0.9948537781169419,4.569425115569865,3.612142400026224,-4.4660976805084776,3.995511619055668,9.035522796078343,-0.383369219029444,ambiguous,,,,,5.941053677482719e-05,0.4988169099604531,0.006594014383779856,0.0044942244053953135,0.49003544071359695,,,,,,0,
1787856681.752626,839118658285,valid,below_threshold_or_ambiguous,,,,,,0.018805507570505142,-0.09357066452503204,0.9954351186752319,pv_camera,0.08000776327939835,0.06267962037117714,0.9948216036079799,4.598072563926507,3.6052060327131112,-4.4660976805084776,3.995511619055668,9.064170244434985,-0.39030558634255685,ambiguous,,,,,5.8146800362792665e-05,0.5023945760656201,0.006569603561770629,0.004446636215285436,0.486531037356961,,,,,,0,
1787856681.784405,839118991621,valid,below_threshold_or_ambiguous,,,,,,0.01883918046951294,-0.09115587174892426,0.9956586360931396,pv_camera,0.07864238132246654,0.06240521906106785,0.9949477194776979,4.5193610102197,3.5890105763444624,-4.4660976805084776,3.995511619055668,8.985458690728176,-0.4065010427112057,ambiguous,,,,,6.167538314952354e-05,0.49254621143644767,0.006753828049173716,0.004497890098476174,0.496140395032753,,,,,,0,
1787856681.800372,839119213843,valid,below_threshold_or_ambiguous,,,,,,0.018616486340761185,-0.09095947444438934,0.9956806898117065,pv_camera,0.07896479252274721,0.06211433258007189,0.9949403857668919,4.537845176798948,3.572350978067073,-4.4660976805084776,3.995511619055668,9.003942857307425,-0.4231606409885953,ambiguous,,,,,6.082868275165051e-05,0.49484719197998933,0.006779191883877383,0.00444019041902079,0.49387259703436087,,,,,,0,
1787856681.832085,839119547177,valid,below_threshold_or_ambiguous,,,,,,0.018084339797496796,-0.08907808363437653,0.9958605766296387,pv_camera,0.07769813142604522,0.061632813368775956,0.9950700461219554,4.464771636993229,3.54426777653883,-4.4660976805084776,3.995511619055668,8.930869317501706,-0.4512438425168379,ambiguous,,,,,6.42302725414994e-05,0.48569879723365833,0.006999060568154504,0.004457250486063761,0.5027806614395818,,,,,,0,
1787856681.863717,839119769400,valid,below_threshold_or_ambiguous,,,,,,0.01740504801273346,-0.08824770152568817,0.9959465265274048,pv_camera,0.07732096824923895,0.06090603251099842,0.9951441720036194,4.442856049334182,3.502317801206096,-4.4660976805084776,3.995511619055668,8.90895372984266,-0.4931938178495723,ambiguous,,,,,6.52798083498737e-05,0.4829345927256651,0.007185041315073324,0.004387710004188609,0.5054273761467231,,,,,,0,
1787856681.895585,839120142333,valid,below_threshold_or_ambiguous,,,,,,0.017501816153526306,-0.08759807795286179,0.9960022568702698,pv_camera,0.07678840161816813,0.061090585058013125,0.9951740962234681,4.412243926584907,3.5127983402323686,-4.4660976805084776,3.995511619055668,8.878341607093384,-0.4827132788232995,ambiguous,,,,,6.677742074864002e-05,0.47912012016980055,0.007200404281361253,0.0044434179809232964,0.5091692801471662,,,,,,0,
1787856681.911227,839120252910,valid,below_threshold_or_ambiguous,,,,,,0.01706896722316742,-0.0864669606089592,0.9961085915565491,pv_camera,0.07585417270218085,0.06061234619544258,0.9952749810842989,4.3583313684540315,3.485014540086124,-4.4660976805084776,3.995511619055668,8.824429048962509,-0.5104970789695442,ambiguous,,,,,6.948453221568271e-05,0.472377257043382,0.007395058114386206,0.004438492872846205,0.5157197074371699,,,,,,0,
1787856681.952617,839120586243,valid,below_threshold_or_ambiguous,,,,,,0.017502691596746445,-0.08405008912086487,0.996307909488678,pv_camera,0.07353928486438882,0.06126856834126353,0.9954085272465,4.225249988788797,3.522179278642398,-4.4660976805084776,3.995511619055668,8.691347669297276,-0.4733323404132701,ambiguous,,,,,7.659837064717371e-05,0.45585200021944916,0.007486942711344414,0.004663788921498879,0.5319206697770604,,,,,,0,
1787856681.975170,839121030689,valid,below_threshold_or_ambiguous,,,,,,0.016453757882118225,-0.08738590776920319,0.9960386753082275,pv_camera,0.07830750331426742,0.05989680686507882,0.9951282869319179,4.499382496990992,3.444479411133136,-4.4660976805084776,3.995511619055668,8.965480177499469,-0.5510322079225323,ambiguous,,,,,6.258888585284471e-05,0.4899545435685874,0.007294266537834871,0.004204083966693015,0.4984845170410318,,,,,,0,
1787856681.991185,839121141801,invalid,combined_gaze_invalid,,True,False,True,True,,,,,,,,,,,,,,,,,,,,,,,,,,,,,,
1787856682.031604,839121475135,valid,below_threshold_or_ambiguous,,,,,,-0.00019169971346855164,-0.08985284715890884,0.9959550499916077,pv_camera,0.08105249076626518,0.04274567884197708,0.9957928000748565,4.6533280625338165,2.457985568308915,-4.4660976805084776,3.995511619055668,9.119425743042294,-1.5375260507467532,ambiguous,,,,,5.560479933496058e-05,0.5077250092133619,0.011461460362123213,0.002463206813326193,0.47829471881185376,,,,,,0,
1787856682.054427,839121697358,valid,below_threshold_or_ambiguous,,,,,,-0.010387329384684563,-0.09336017072200775,0.9955783486366272,pv_camera,0.08490967885633191,0.032021189711820504,0.9958739829144821,4.873336206530928,1.8416458059374632,-4.4660976805084776,3.995511619055668,9.339433887039405,-2.153865813118205,ambiguous,,,,,4.6881563662827344e-05,0.5334168000199241,0.014680485140990006,0.001703445998465775,0.4501523872769574,,,,,,0,
1787856682.086240,839121919581,valid,below_threshold_or_ambiguous,,,,,,-0.016276799142360687,-0.09568453580141068,0.9952787160873413,pv_camera,0.08678317595752016,0.02527855355638193,0.9959064590114993,4.980167754245881,1.453995497962828,-4.4660976805084776,3.995511619055668,9.446265434754359,-2.5415161210928403,ambiguous,,,,,4.3060598469286916e-05,0.5451813797134426,0.017266080105186907,0.0013596506179604719,0.4361498289649406,,,,,,0,
1787856682.118025,839122252914,valid,below_threshold_or_ambiguous,,,,,,-0.022481031715869904,-0.09246489405632019,0.9954622387886047,pv_camera,0.08301599880370698,0.01838675171126389,0.9963785783045174,4.762753703719192,1.0571922528930053,-4.4660976805084776,3.995511619055668,9.22885138422767,-2.9383193661626628,ambiguous,,,,,5.0671205736154157e-05,0.5161791629877098,0.02222433614641642,0.0011768819726335695,0.4603689476875039,,,,,,0,
1787856682.152735,839122697359,valid,below_threshold_or_ambiguous,,,,,,-0.023448990657925606,-0.0867745503783226,0.9959520697593689,pv_camera,0.0774264658701333,0.016864796580479447,0.9968554163062767,4.441287035906306,0.969237340909031,-4.4660976805084776,3.995511619055668,8.907384716414784,-3.026274278146637,ambiguous,,,,,6.43794121513577e-05,0.4755268429019063,0.02512511926433934,0.0012184673945674393,0.4980651910270356,,,,,,0,
1787856682.181327,839122919582,valid,below_threshold_or_ambiguous,,,,,,-0.022010210901498795,-0.08569274842739105,0.9960785508155823,pv_camera,0.0754786988737473,0.01803847613309772,0.9969842423003094,4.329433464617468,1.0365417542121806,-4.4660976805084776,3.995511619055668,8.795531145125945,-2.9589698648434872,ambiguous,,,,,6.994666157741932e-05,0.46197410525316357,0.024958843296359896,0.001294673235213062,0.5117024315536859,,,,,,0,
1787856682.212664,839123252917,valid,below_threshold_or_ambiguous,,,,,,-0.020291781052947044,-0.08567945659160614,0.9961162209510803,pv_camera,0.07546715614396497,0.019122367480854618,0.9969649158347899,4.328857489816287,1.098831668246168,-4.4660976805084776,3.995511619055668,8.794955170324766,-2.8966799508095002,ambiguous,,,,,7.00268498197727e-05,0.46223740775806,0.02421424312573699,0.0013367764322044884,0.5121415458341787,,,,,,0,
1787856682.244464,839123475140,valid,below_threshold_or_ambiguous,,,,,,-0.019084647297859192,-0.08548866957426071,0.9961564540863037,pv_camera,0.07467012748504008,0.01990740298984091,0.99700956232504,4.283119233197044,1.1438793268447147,-4.4660976805084776,3.995511619055668,8.74921691370552,-2.8516322922109536,ambiguous,,,,,7.244057626511906e-05,0.4567920355024554,0.023937252130546535,0.0013823758092470371,0.5178158959814861,,,,,,0,
1787856682.276136,839123919586,valid,below_threshold_or_ambiguous,,,,,,-0.01607109047472477,-0.08286980539560318,0.9964308738708496,pv_camera,0.07305978472967205,0.02215316299411422,0.9970814937730066,4.190780566532666,1.272788589527395,-4.4660976805084776,3.995511619055668,8.656878247041144,-2.7227230295282734,ambiguous,,,,,7.757078020234948e-05,0.44599769353192537,0.022948123576633398,0.0015075911954277172,0.5294690209158112,,,,,,0,
1787856682.292132,839124030695,valid,below_threshold_or_ambiguous,,,,,,-0.015679795295000076,-0.08214071393013,0.9964974522590637,pv_camera,0.0718785018210097,0.02257465586229388,0.9971578941615346,4.122941811942234,1.2968975209743885,-4.4660976805084776,3.995511619055668,8.589039492450713,-2.6986140980812796,ambiguous,,,,,8.147971322652876e-05,0.4377457600171234,0.023021431538281876,0.001549312818927597,0.5376020159124407,,,,,,0,
1787856682.323540,839124475141,valid,below_threshold_or_ambiguous,,,,,,-0.011749209836125374,-0.08080866187810898,0.9966604113578796,pv_camera,0.07134499281495893,0.02576727479408611,0.9971188191734822,4.092603995164189,1.4802925830785774,-4.4660976805084776,3.995511619055668,8.558701675672665,-2.5152190359770907,ambiguous,,,,,8.343067469189444e-05,0.4348331700904272,0.021183469154493238,0.0017125818483496407,0.542187348232038,,,,,,0,
1787856682.355646,839124808476,valid,below_threshold_or_ambiguous,,,,,,-0.009310560300946236,-0.07960915565490723,0.9967827796936035,pv_camera,0.06969983978642273,0.028077797276214258,0.9971727882538025,3.9983261347155747,1.6128742638469515,-4.4660976805084776,3.995511619055668,8.464423815224052,-2.3826373552087166,ambiguous,,,,,8.935734984557789e-05,0.4238213548342569,0.02025534690723442,0.0018697064656258877,0.5539642344430373,,,,,,0,
1787856682.387297,839125074304,valid,below_threshold_or_ambiguous,,,,,,-0.007202029228210449,-0.07769513130187988,0.9969512820243835,pv_camera,0.06779332365886323,0.02995063099755659,0.9972497304938882,3.889000173490015,1.7202602537290665,-4.4660976805084776,3.995511619055668,8.355097853998492,-2.2752513653266018,ambiguous,,,,,9.664874033930841e-05,0.41093117677244273,0.019658356262913436,0.0020203103489447247,0.5672935078753597,,,,,,0,
1787856682.419411,839125403006,valid,below_threshold_or_ambiguous,,,,,,-0.005119733512401581,-0.07611467689275742,0.9970859885215759,pv_camera,0.06559807574308638,0.03154053258634937,0.9973475258218539,3.7630685709376372,1.811341857300125,-4.4660976805084776,3.995511619055668,8.229166251446115,-2.184169761755543,ambiguous,,,,,0.00010566150091034978,0.3960940049001603,0.019281639547722336,0.002170556448571631,0.5823481376026355,,,,,,0,
1787856682.452505,839125736350,valid,below_threshold_or_ambiguous,,,,,,-0.005939323455095291,-0.07271575927734375,0.9973350167274475,pv_camera,0.062415091955963016,0.029808982665430618,0.9976050224655952,3.580040302968564,1.7115199157751548,-4.4660976805084776,3.995511619055668,8.046137983477042,-2.2839917032805133,ambiguous,,,,,0.00011983132681085336,0.37407931554173735,0.02097633103433869,0.0021370000616638134,0.6026875220354493,,,,,,0,
1787856682.483469,839125958577,valid,below_threshold_or_ambiguous,,,,,,-0.005082167685031891,-0.07266636192798615,0.9973434805870056,pv_camera,0.06158268232841491,0.03013779662832877,0.9976468746263013,3.5322683757614843,1.7303152171972158,-4.4660976805084776,3.995511619055668,7.998366056269962,-2.2651964018584523,ambiguous,,,,,0.00012384296872539988,0.3685679751645014,0.020968898831054673,0.0021767739254806373,0.608162509110238,,,,,,0,
1787856682.515241,839126291919,valid,below_threshold_or_ambiguous,,,,,,-0.004891544580459595,-0.06974649429321289,0.9975528120994568,pv_camera,0.059078929977167266,0.0296209462396282,0.9978137499436567,3.3884341194163503,1.7003743726563676,-4.4660976805084776,3.995511619055668,7.854531799924828,-2.2951372463993005,ambiguous,,,,,0.00013652928075284044,0.3518889432103005,0.021837274449278948,0.0022000522287233416,0.6239372008309444,,,,,,0,
1787856682.552591,839126625264,valid,below_threshold_or_ambiguous,,,,,,-0.006677109748125076,-0.06366560608148575,0.9979490041732788,pv_camera,0.0520358642608951,0.027969359649952914,0.9982534666863889,2.9839509696206292,1.6049101491032265,-4.4660976805084776,3.995511619055668,7.450048650129107,-2.3906014699524416,ambiguous,,,,,0.00017845173134327472,0.30692748766450745,0.024456301996266715,0.0022395757780114857,0.6661981828298711,,,,,,0,
1787856682.578125,839126958607,valid,below_threshold_or_ambiguous,,,,,,-0.009009923785924911,-0.06382355839014053,0.997920572757721,pv_camera,0.05238290374462135,0.025536287459496092,0.998300520593908,3.003673996945491,1.46529273736275,-4.4660976805084776,3.995511619055668,7.469771677453968,-2.5302188816929183,ambiguous,,,,,0.00017588145248127003,0.30853231946490123,0.026102998772715588,0.0020788842292565747,0.6631099160806454,,,,,,0,
1787856682.609825,839127291950,invalid,combined_gaze_invalid,,True,False,True,True,,,,,,,,,,,,,,,,,,,,,,,,,,,,,,
1787856682.641482,839127625294,valid,neutral_center_adaptation,,,,,,-0.003956355154514313,-0.03488495573401451,0.9993836283683777,pv_camera,0.022368473020067666,0.031578470406989564,0.9992509452692578,1.2823656519150994,1.8100669601384844,-4.4660976805084776,3.995511619055668,5.748463332423577,-2.1854446589171834,center,,,,,0.0005081722282768921,0.15941780744851056,0.02684337740234175,0.0030179400015088536,0.810212702919362,,,,,,0,
1787856682.673337,839127847521,valid,neutral_center_adaptation,,,,,,-0.003258954733610153,-0.0392816923558712,0.9992229342460632,pv_camera,0.02555096259027668,0.03265981179469422,0.9991398725925442,1.4649033153979154,1.872213660611105,-4.178674513887298,3.886239386109809,5.6435778292852135,-2.014025725498704,center,,,,,0.0005409713758416077,0.1528090217766001,0.024888674636746724,0.0033214025237586135,0.8184399296870529,,,,,,0,
1787856682.704890,839128291980,valid,neutral_center_adaptation,,,,,,8.696317672729492e-05,-0.04025912284851074,0.9991893768310547,pv_camera,0.026156501869788976,0.03581041787257202,0.9990162418007664,1.4997902872422322,2.0529272789558375,-3.8964956224230374,3.7855380998348735,5.39628590966527,-1.732610820879036,center,,,,,0.0006249622586662361,0.13785768603996656,0.02207364467146558,0.0039031094377183317,0.8355405975921832,,,,,,0,
1787856682.752967,839128514208,valid,neutral_center_adaptation,,,,,,0.0010014884173870087,-0.03950105607509613,0.9992191195487976,pv_camera,0.02473569436614015,0.03758888247254142,0.998987097683794,1.418398058751402,2.154851450059354,-3.626681326939774,3.6989075587909217,5.045079385691176,-1.5440561087315676,center,,,,,0.0007630025959806565,0.11846120705107924,0.020574941469938962,0.0043930238457802915,0.8558078250372209,,,,,,0,
1787856682.784245,839128847551,valid,neutral_center_adaptation,,,,,,0.0017187967896461487,-0.04003417491912842,0.9991968870162964,pv_camera,0.02523697925296315,0.038232588907054374,0.9989501308992604,1.4471842426167238,2.191798440784226,-3.374427357655215,3.621704753354343,4.821611600271939,-1.4299063125701172,center,,,,,0.0008647162793733754,0.10736752625024068,0.019695794382716587,0.004713820931543754,0.8673581421561256,,,,,,0,
1787856682.816264,839129292008,valid,neutral_center_adaptation,,,,,,0.0034127719700336456,-0.0406198650598526,0.9991689324378967,pv_camera,0.025839652552875594,0.04079569517081264,0.9988333312477496,1.4819017817041995,2.3388513742316377,-3.133346777641618,3.550209437725837,4.615248559345818,-1.2113580634941994,center,,,,,0.0009702765775599148,0.09801048303787173,0.017870104819057764,0.005321584680665266,0.8778275508848453,,,,,,0,
1787856682.847653,839129736466,valid,neutral_center_adaptation,,,,,,0.004203245043754578,-0.0380060151219368,0.9992687106132507,pv_camera,0.023244110009894424,0.04197021479832841,0.9988484431682466,1.3330841988123974,2.406073174646251,-2.902584349674327,3.4896415345511267,4.235668548486724,-1.0835683599048758,center,,,,,0.001193948310267315,0.0825112189432924,0.017062518837872662,0.005773715555804955,0.8934585983527626,,,,,,0,
1787856682.879264,839129959602,valid,neutral_center_adaptation,,,,,,0.004029266536235809,-0.03915059566497803,0.9992252588272095,pv_camera,0.024263246651638058,0.04240193863855039,0.9988059723798283,1.3915698450430747,2.430896787577018,-2.6908009222499905,3.4354631165558827,4.082370767293066,-1.0045663289788647,center,,,,,0.0012973925398220198,0.0769170277343346,0.016507668983702168,0.0060451647089805344,0.8992327460331607,,,,,,0,
1787856682.910733,839130330990,valid,neutral_center_adaptation,,,,,,0.002009093761444092,-0.0350787490606308,0.9993826150894165,pv_camera,0.019594068607309778,0.04060767119758208,0.9989830276412714,1.1236562295373123,2.327735213957355,-2.4866823838853374,3.3852348001069394,3.6103386134226496,-1.0574995861495844,center,,,,,0.0016686832261916006,0.061705523051814926,0.01721797554441349,0.005980201970570872,0.9134276162070091,,,,,,0,
1787856682.958606,839130442104,valid,neutral_center_adaptation,,,,,,0.001210041344165802,-0.03521879017353058,0.9993788599967957,pv_camera,0.01969966671404854,0.040505027491847055,0.9989851179468291,1.1297080097678864,2.3218530097318912,-2.306165453214205,3.33235982079946,3.4358734629820913,-1.0105068110675686,center,,,,,0.001830412754687997,0.056849927983395505,0.016907065770062343,0.006154754154216412,0.9182578393376377,,,,,,0,
1787856682.990570,839131108791,invalid,combined_gaze_invalid,,True,False,True,True,,,,,,,,,,,,,,,,,,,,,,,,,,,,,,
1787856683.037920,839131331020,valid,below_threshold_or_ambiguous,,,,,,-0.06036293879151344,-0.11626985669136047,0.9913817644119263,pv_camera,0.0986809255011898,-0.025547089103041078,0.994791144502498,5.6650723810818295,-1.4710813799949913,-2.1343717800651003,3.281834480246081,7.79944416114693,-4.752915860241073,ambiguous,,,,,0.00013472699559866774,0.3286322545460692,0.07164154963401417,0.0006180161727097415,0.5989734526516081,,,,,,0,
1787856683.069801,839131775476,invalid,combined_gaze_invalid,,True,False,True,True,,,,,,,,,,,,,,,,,,,,,,,,,,,,,,
1787856683.117599,839131886592,invalid,combined_gaze_invalid,,True,False,True,True,,,,,,,,,,,,,,,,,,,,,,,,,,,,,,
1787856683.152875,839132442162,valid,direction_evidence,,,,,,-0.10829353332519531,-0.1981826275587082,0.9741643667221069,pv_camera,0.18880908919860104,-0.08438147871867213,0.9783817730749306,10.922724072945872,-4.9293318011264295,-2.1343717800651003,3.281834480246081,13.057095853010972,-8.21116628137251,right,right,0.8195304211207071,0.1077898601704471,0.71174056095026,1.7496065691452312e-06,0.8195304211207071,0.07265823485176373,1.973425051313833e-05,0.1077898601704471,1.7496065691452312e-06,0.8195304211207071,0.07265823485176373,1.973425051313833e-05,0.1077898601704471,1,5
1787856683.212952,839133331079,valid,direction_evidence,,,,,,-0.10082778334617615,-0.17018625140190125,0.9802401065826416,pv_camera,0.18095861491779916,-0.07999677860519576,0.980231857827434,10.459498353902005,-4.66557232779797,-2.1343717800651003,3.281834480246081,12.593870133967105,-7.947406808044051,right,right,0.8053971695944585,0.1194931995659955,0.685903970028463,2.2170831062276357e-06,0.8053971695944585,0.07508384381749167,2.3569938948173316e-05,0.1194931995659955,2.6845596433100402e-06,0.79126391806821,0.07750945278321962,2.74056273832083e-05,0.13119653896154387,2,5
1787856683.260951,839133775535,invalid,combined_gaze_invalid,,True,False,True,True,,,,,,,,,,,,,,,,,,,,,,,,,,,,,,
1787856683.292573,839134219993,invalid,combined_gaze_invalid,,True,False,True,True,,,,,,,,,,,,,,,,,,,,,,,,,,,,,,
1787856683.324434,839134442220,valid,direction_evidence,,,,,,-0.08742184937000275,-0.15507054328918457,0.9840278029441833,pv_camera,0.19628699545243333,-0.06685352454864876,0.9782648014068991,11.345634431820033,-3.9094511999759898,-2.1343717800651003,3.281834480246081,13.480006211885133,-7.191285680222071,right,right,0.82689077513775,0.11053067363656018,0.7163601015011898,1.8836057460260091e-06,0.82689077513775,0.0625515436022738,2.5124017670031896e-05,0.11053067363656018,1.2166510256227554e-06,0.869877986224333,0.037486943171838066,2.823217511374905e-05,0.09260562177768952,3,5
1787856683.371903,839134775564,invalid,combined_gaze_invalid,,True,False,True,True,,,,,,,,,,,,,,,,,,,,,,,,,,,,,,
1787856683.405901,839135153300,valid,direction_evidence,,,,,,-0.05829201638698578,-0.2083957940340042,0.9763059616088867,pv_camera,0.26626251983565485,-0.0369656670633343,0.9631914710945744,15.452810340560886,-2.197836918803764,-2.1343717800651003,3.281834480246081,17.587182120625986,-5.479671399049845,right,right,0.8662275273115099,0.08625814340249326,0.7799693839090166,1.4183670139592963e-06,0.8662275273115099,0.04749165724306133,2.125367592158218e-05,0.08625814340249326,2.2650817759158295e-08,0.9842377838327896,0.0023119981654238994,9.642650676233044e-06,0.013440552700292468,4,5
1787856683.476436,839135926523,valid,direction_evidence,,,,,,-0.05412488803267479,-0.17200620472431183,0.9836078882217407,pv_camera,0.2542728745735568,-0.028640583298461166,0.9667083439406241,14.736686047438017,-1.6970006330249685,-2.1343717800651003,3.281834480246081,16.871057827503115,-4.9788351132710496,right,right,0.8886443048552337,0.07282884865563435,0.8158154561995994,1.1439087057740089e-06,0.8886443048552337,0.038505177041159674,2.0525539266478193e-05,0.07282884865563435,4.6075473032858846e-08,0.9783114150301293,0.0025592562335530343,1.761299264606224e-05,0.019111669668198692,5,5
