participant_code,session_id,trial_id,condition_code,run_code,condition_name,study,environment,feedback_timing,modality,practice,trial_started_at_epoch,host_time_epoch,host_time_iso_utc,trial_elapsed_s,host_monotonic,eet_sample_index,eet_timestamp_hl2ss,calibration_valid,combined_valid,combined_origin_x,combined_origin_y,combined_origin_z,combined_direction_x,combined_direction_y,combined_direction_z,left_valid,left_origin_x,left_origin_y,left_origin_z,left_direction_x,left_direction_y,left_direction_z,right_valid,right_origin_x,right_origin_y,right_origin_z,right_direction_x,right_direction_y,right_direction_z
P001,P001_S01,P001_S01_ST1TR_TR03_R01,TR03,R01,Gridworld_Requested_Voice,Study 1,Gridworld,Requested Feedback,Voice,1,1787856672.1468937,1787856672.1647685,2026-08-27T18:51:12.164768+00:00,0.017874717712402344,548398.937,1,839022804941,1,1,0.0501621775329113,-0.045147113502025604,-0.03796135634183884,-0.06998657435178757,-0.2188282310962677,0.9732503890991211,1,0.049983665347099304,-0.014912606216967106,-0.0370422787964344,-0.06954464316368103,-0.2740165889263153,0.9592071771621704,1,0.05025796592235565,-0.0836792066693306,-0.03911508247256279,-0.06846102327108383,-0.14024046063423157,0.9877477884292603
P001,P001_S01,P001_S01_ST1TR_TR03_R01,TR03,R01,Gridworld_Requested_Voice,Study 1,Gridworld,Requested Feedback,Voice,1,1787856672.1468937,1787856672.1775057,2026-08-27T18:51:12.177506+00:00,0.03061199188232422,548398.953,2,839022916054,1,1,0.05015028640627861,-0.04510273039340973,-0.03795170783996582,-0.07014648616313934,-0.21493861079216003,0.9741052985191345,1,0.049978453665971756,-0.014896539971232414,-0.037033747881650925,-0.07048382610082626,-0.27234748005867004,0.9596139192581177,1,0.050254903733730316,-0.08364476263523102,-0.03909198194742203,-0.06922382861375809,-0.13656941056251526,0.9882090091705322
P001,P001_S01,P001_S01_ST1TR_TR03_R01,TR03,R01,Gridworld_Requested_Voice,Study 1,Gridworld,Requested Feedback,Voice,1,1787856672.1468937,1787856672.1785102,2026-08-27T18:51:12.178510+00:00,0.0316164493560791,548398.953,3,839023027166,1,1,0.05013836920261383,-0.04507215693593025,-0.03794213384389877,-0.07037071883678436,-0.2113976925611496,0.9748637080192566,1,0.04997249320149422,-0.014867306686937809,-0.037037841975688934,-0.07086025923490524,-0.2696150541305542,0.9603574872016907,1,0.05025471746921539,-0.08360052108764648,-0.03906247019767761,-0.06951197981834412,-0.13206633925437927,0.988800585269928
P001,P001_S01,P001_S01_ST1TR_TR03_R01,TR03,R01,Gridworld_Requested_Voice,Study 1,Gridworld,Requested Feedback,Voice,1,1787856672.1468937,1787856672.1955085,2026-08-27T18:51:12.195508+00:00,0.0486147403717041,548398.968,4,839023138279,1,1,0.050127118825912476,-0.04504033178091049,-0.03793526068329811,-0.07047642767429352,-0.20863106846809387,0.9754518270492554,1,0.04996933788061142,-0.014840330928564072,-0.03704775869846344,-0.07075636088848114,-0.2674224078655243,0.9609779119491577,1,0.05025387182831764,-0.08359529078006744,-0.03906293585896492,-0.06939608603715897,-0.1321917027235031,0.9887919425964355
P001,P001_S01,P001_S01_ST1TR_TR03_R01,TR03,R01,Gridworld_Requested_Voice,Study 1,Gridworld,Requested Feedback,Voice,1,1787856672.1468937,1787856672.2091985,2026-08-27T18:51:12.209198+00:00,0.06230473518371582,548398.984,5,839023249393,1,0,0.0,0.0,0.0,0.0,0.0,0.0,1,0.049959614872932434,-0.01483866572380066,-0.03700737655162811,-0.07482386380434036,-0.2644261121749878,0.9614989161491394,1,0.05024361610412598,-0.0836087241768837,-0.03909965604543686,-0.07397658377885818,-0.13092440366744995,0.9886285066604614
P001,P001_S01,P001_S01_ST1TR_TR03_R01,TR03,R01,Gridworld_Requested_Voice,Study 1,Gridworld,Requested Feedback,Voice,1,1787856672.1468937,1787856672.212201,2026-08-27T18:51:12.212201+00:00,0.0653073787689209,548398.984,6,839023360505,1,1,0.05011843517422676,-0.0456308051943779,-0.037948932498693466,-0.07237992435693741,-0.20183546841144562,0.9767414331436157,1,0.0499536469578743,-0.014843756332993507,-0.03698420524597168,-0.07588870078325272,-0.2643953561782837,0.961423933506012,1,0.0502433218061924,-0.0835806354880333,-0.03908632695674896,-0.07489114254713058,-0.1272156983613968,0.9890437126159668
P001,P001_S01,P001_S01_ST1TR_TR03_R01,TR03,R01,Gridworld_Requested_Voice,Study 1,Gridworld,Requested Feedback,Voice,1,1787856672.1468937,1787856672.2292044,2026-08-27T18:51:12.229204+00:00,0.08231067657470703,548399.0,7,839023471618,1,1,0.050112638622522354,-0.04649295285344124,-0.03797398880124092,-0.0737122967839241,-0.19765502214431763,0.9774964451789856,1,0.04994793236255646,-0.014815924689173698,-0.03698292002081871,-0.07599472254514694,-0.26110193133354187,0.9623152017593384,1,0.050243210047483444,-0.08356267213821411,-0.03908267989754677,-0.0749717503786087,-0.1250077337026596,0.9893191456794739
P001,P001_S01,P001_S01_ST1TR_TR03_R01,TR03,R01,Gridworld_Requested_Voice,Study 1,Gridworld,Requested Feedback,Voice,1,1787856672.1468937,1787856672.24432,2026-08-27T18:51:12.244320+00:00,0.09742617607116699,548399.015,8,839023582731,1,1,0.050109900534152985,-0.04762350767850876,-0.0380086787045002,-0.07461801171302795,-0.19310948252677917,0.9783357381820679,1,0.04994526505470276,-0.014802966266870499,-0.03697836026549339,-0.07601942867040634,-0.2600031793117523,0.9626107215881348,1,0.050239209085702896,-0.08354965597391129,-0.0390792116522789,-0.07503663003444672,-0.12387873232364655,0.9894562363624573
P001,P001_S01,P001_S01_ST1TR_TR03_R01,TR03,R01,Gridworld_Requested_Voice,Study 1,Gridworld,Requested Feedback,Voice,1,1787856672.1468937,1787856672.24432,2026-08-27T18:51:12.244320+00:00,0.09742617607116699,548399.015,9,839023693844,1,1,0.05010736361145973,-0.04859600588679314,-0.03803606331348419,-0.07545404881238937,-0.19112026691436768,0.9786623120307922,1,0.04994475468993187,-0.014793175272643566,-0.03696145862340927,-0.07658687233924866,-0.25805380940437317,0.963090181350708,1,0.050232257694005966,-0.08354314416646957,-0.03907976672053337,-0.07570990920066833,-0.12233579158782959,0.9895969033241272
P001,P001_S01,P001_S01_ST1TR_TR03_R01,TR03,R01,Gridworld_Requested_Voice,Study 1,Gridworld,Requested Feedback,Voice,1,1787856672.1468937,1787856672.2602339,2026-08-27T18:51:12.260234+00:00,0.11334013938903809,548399.031,10,839023804958,1,1,0.050104476511478424,-0.04902803152799606,-0.03804141655564308,-0.07586348801851273,-0.18816421926021576,0.9792032837867737,1,0.04994475468993187,-0.014785585924983025,-0.036950331181287766,-0.07620303332805634,-0.2573055922985077,0.963320791721344,1,0.05022649094462395,-0.08351840823888779,-0.039069391787052155,-0.07527505606412888,-0.11970659345388412,0.9899515509605408
P001,P001_S01,P001_S01_ST1TR_TR03_R01,TR03,R01,Gridworld_Requested_Voice,Study 1,Gridworld,Requested Feedback,Voice,1,1787856672.1468937,1787856672.2781355,2026-08-27T18:51:12.278136+00:00,0.1312417984008789,548399.046,11,839023916070,1,1,0.05010219290852547,-0.049562711268663406,-0.03804892301559448,-0.07585344463586807,-0.18385064601898193,0.980023205280304,1,0.04994353652000427,-0.014768368564546108,-0.036946315318346024,-0.07548988610506058,-0.2557726502418518,0.9637850522994995,1,0.05022241175174713,-0.08349587023258209,-0.039048127830028534,-0.07448478788137436,-0.1175607368350029,0.9902684688568115
P001,P001_S01,P001_S01_ST1TR_TR03_R01,TR03,R01,Gridworld_Requested_Voice,Study 1,Gridworld,Requested Feedback,Voice,1,1787856672.1468937,1787856672.279136,2026-08-27T18:51:12.279136+00:00,0.13224220275878906,548399.046,12,839024027183,1,1,0.05010032653808594,-0.05012693256139755,-0.03805764764547348,-0.07579711079597473,-0.18140439689159393,0.9804832935333252,1,0.049937669187784195,-0.01475407462567091,-0.03694053739309311,-0.07538849860429764,-0.25443753600120544,0.9641462564468384,1,0.05021955817937851,-0.08347935974597931,-0.039038218557834625,-0.07434078305959702,-0.11598259210586548,0.9904653429985046
P001,P001_S01,P001_S01_ST1TR_TR03_R01,TR03,R01,Gridworld_Requested_Voice,Study 1,Gridworld,Requested Feedback,Voice,1,1787856672.1468937,1787856672.3011382,2026-08-27T18:51:12.301138+00:00,0.15424442291259766,548399.078,13,839024139224,1,1,0.05009828135371208,-0.0507352352142334,-0.038070715963840485,-0.07489325106143951,-0.17843450605869293,0.9810974597930908,1,0.04993107542395592,-0.014703948050737381,-0.03699900209903717,-0.07295063138008118,-0.25260910391807556,0.9648143649101257,1,0.05021052062511444,-0.08345376700162888,-0.039017654955387115,-0.07197406142950058,-0.11671467870473862,0.99055415391922
P001,P001_S01,P001_S01_ST1TR_TR03_R01,TR03,R01,Gridworld_Requested_Voice,Study 1,Gridworld,Requested Feedback,Voice,1,1787856672.1468937,1787856672.3236344,2026-08-27T18:51:12.323634+00:00,0.1767406463623047,548399.093,14,839024293121,1,1,0.050096072256565094,-0.05140068754553795,-0.038085855543613434,-0.07463851571083069,-0.17551258206367493,0.9816437363624573,1,0.049924738705158234,-0.014684561640024185,-0.037001047283411026,-0.07395816594362259,-0.2506377696990967,0.965251624584198,1,0.05020271986722946,-0.08342483639717102,-0.039002612233161926,-0.07308071851730347,-0.11363538354635239,0.9908310174942017
P001,P001_S01,P001_S01_ST1TR_TR03_R01,TR03,R01,Gridworld_Requested_Voice,Study 1,Gridworld,Requested Feedback,Voice,1,1787856672.1468937,1787856672.3266354,2026-08-27T18:51:12.326635+00:00,0.17974162101745605,548399.093,15,839024400061,1,1,0.050093960016965866,-0.052001409232616425,-0.03809740021824837,-0.07418341934680939,-0.174020916223526,0.9819439053535461,1,0.049926549196243286,-0.014694939367473125,-0.03697875514626503,-0.0732714906334877,-0.2516721785068512,0.9650348424911499,1,0.05020417645573616,-0.08341530710458755,-0.03900032117962837,-0.07220891863107681,-0.11254225671291351,0.9910198450088501
P001,P001_S01,P001_S01_ST1TR_TR03_R01,TR03,R01,Gridworld_Requested_Voice,Study 1,Gridworld,Requested Feedback,Voice,1,1787856672.1468937,1787856672.346569,2026-08-27T18:51:12.346569+00:00,0.1996753215789795,548399.109,16,839024510671,1,1,0.050090063363313675,-0.052048470824956894,-0.038094662129879,-0.07428768277168274,-0.1724248230457306,0.98221755027771,1,0.04991893097758293,-0.01466998178511858,-0.03698080778121948,-0.07437722384929657,-0.24809710681438446,0.9658756852149963,1,0.05019591748714447,-0.08340440690517426,-0.03900354355573654,-0.07349267601966858,-0.1105538010597229,0.9911491870880127
P001,P001_S01,P001_S01_ST1TR_TR03_R01,TR03,R01,Gridworld_Requested_Voice,Study 1,Gridworld,Requested Feedback,Voice,1,1787856672.1468937,1787856672.3485692,2026-08-27T18:51:12.348569+00:00,0.2016754150390625,548399.125,17,839024621784,1,1,0.05008463189005852,-0.05182832106947899,-0.03808411955833435,-0.0749676302075386,-0.17414920032024384,0.9818615317344666,1,0.049909770488739014,-0.014662343077361584,-0.036975204944610596,-0.07610461115837097,-0.24665260314941406,0.9661110043525696,1,0.050189774483442307,-0.08339529484510422,-0.03900158777832985,-0.07514502853155136,-0.10891792923212051,0.9912063479423523
P001,P001_S01,P001_S01_ST1TR_TR03_R01,TR03,R01,Gridworld_Requested_Voice,Study 1,Gridworld,Requested Feedback,Voice,1,1787856672.1468937,1787856672.3485692,2026-08-27T18:51:12.348569+00:00,0.2016754150390625,548399.125,18,839024732896,1,1,0.05007993057370186,-0.051591407507658005,-0.038074102252721786,-0.07519927620887756,-0.17414027452468872,0.9818453788757324,1,0.049912840127944946,-0.014644104987382889,-0.03699042275547981,-0.0753750279545784,-0.2460087686777115,0.9663323760032654,1,0.05019663646817207,-0.08338792622089386,-0.0390031673014164,-0.07464464008808136,-0.10950231552124023,0.9911797642707825
P001,P001_S01,P001_S01_ST1TR_TR03_R01,TR03,R01,Gridworld_Requested_Voice,Study 1,Gridworld,Requested Feedback,Voice,1,1787856672.1468937,1787856672.361881,2026-08-27T18:51:12.361881+00:00,0.21498727798461914,548399.125,19,839024844010,1,1,0.05007585138082504,-0.05148030072450638,-0.038068532943725586,-0.07554745674133301,-0.17442625761032104,0.9817679524421692,1,0.049908608198165894,-0.014629511162638664,-0.03699936345219612,-0.07588675618171692,-0.2450748085975647,0.9665296673774719,1,0.0501946322619915,-0.08336131274700165,-0.038985926657915115,-0.07522985339164734,-0.10715525597333908,0.9913920760154724
P001,P001_S01,P001_S01_ST1TR_TR03_R01,TR03,R01,Gridworld_Requested_Voice,Study 1,Gridworld,Requested Feedback,Voice,1,1787856672.1468937,1787856672.3803587,2026-08-27T18:51:12.380359+00:00,0.23346495628356934,548399.156,20,839024955123,1,1,0.05007081478834152,-0.05126307159662247,-0.038060832768678665,-0.0764903724193573,-0.17401637136936188,0.9817675948143005,1,0.04989821836352348,-0.014621630311012268,-0.03699522837996483,-0.07791861891746521,-0.24358460307121277,0.966744601726532,1,0.05018889531493187,-0.08336197584867477,-0.03899387642741203,-0.07727672904729843,-0.10663437843322754,0.9912907481193542
P001,P001_S01,P001_S01_ST1TR_TR03_R01,TR03,R01,Gridworld_Requested_Voice,Study 1,Gridworld,Requested Feedback,Voice,1,1787856672.1468937,1787856672.3803587,2026-08-27T18:51:12.380359+00:00,0.23346495628356934,548399.156,21,839025066235,1,1,0.05006372928619385,-0.050782714039087296,-0.03804628178477287,-0.07803936302661896,-0.17312948405742645,0.9818025827407837,1,0.04988352954387665,-0.014604267664253712,-0.036997102200984955,-0.08049262315034866,-0.24124935269355774,0.9671192169189453,1,0.05017862096428871,-0.08334533125162125,-0.038989175111055374,-0.07990647107362747,-0.10429732501506805,0.9913309216499329
P001,P001_S01,P001_S01_ST1TR_TR03_R01,TR03,R01,Gridworld_Requested_Voice,Study 1,Gridworld,Requested Feedback,Voice,1,1787856672.1468937,1787856672.3985438,2026-08-27T18:51:12.398544+00:00,0.2516500949859619,548399.171,22,839025177349,1,1,0.050054632127285004,-0.050092462450265884,-0.03802720457315445,-0.07775980234146118,-0.17442595958709717,0.9815950989723206,1,0.0498749315738678,-0.01455602701753378,-0.037063490599393845,-0.07686623185873032,-0.24060295522212982,0.9675751328468323,1,0.05015510320663452,-0.08328131586313248,-0.038915324956178665,-0.07584970444440842,-0.10163543373346329,0.9919260144233704
P001,P001_S01,P001_S01_ST1TR_TR03_R01,TR03,R01,Gridworld_Requested_Voice,Study 1,Gridworld,Requested Feedback,Voice,1,1787856672.1468937,1787856672.419544,2026-08-27T18:51:12.419544+00:00,0.27265024185180664,548399.187,23,839025288461,1,1,0.05004144459962845,-0.049610160291194916,-0.038013115525245667,-0.0810033529996872,-0.1720839887857437,0.9817461967468262,1,0.04982088878750801,-0.014568991027772427,-0.037037529051303864,-0.08680666238069534,-0.2388288676738739,0.9671738147735596,1,0.05009499192237854,-0.08329440653324127,-0.03897162899374962,-0.08565355837345123,-0.09990614652633667,0.9913033246994019
P001,P001_S01,P001_S01_ST1TR_TR03_R01,TR03,R01,Gridworld_Requested_Voice,Study 1,Gridworld,Requested Feedback,Voice,1,1787856672.1468937,1787856672.4215436,2026-08-27T18:51:12.421544+00:00,0.27464985847473145,548399.187,24,839025399575,1,1,0.05002801492810249,-0.04915988817811012,-0.03800167888402939,-0.08477520942687988,-0.17110809683799744,0.9815983772277832,1,0.04980777949094772,-0.014584515243768692,-0.03703787550330162,-0.09096487611532211,-0.24126386642456055,0.9661868810653687,1,0.05008658766746521,-0.08330696821212769,-0.03899320587515831,-0.09044122695922852,-0.10215725004673004,0.9906485080718994
P001,P001_S01,P001_S01_ST1TR_TR03_R01,TR03,R01,Gridworld_Requested_Voice,Study 1,Gridworld,Requested Feedback,Voice,1,1787856672.1468937,1787856672.434083,2026-08-27T18:51:12.434083+00:00,0.287189245223999,548399.203,25,839025510687,1,1,0.05001513287425041,-0.04872220754623413,-0.037989020347595215,-0.0868561714887619,-0.17068079113960266,0.9814908504486084,1,0.049816593527793884,-0.01457382645457983,-0.037025585770606995,-0.08958509564399719,-0.24125200510025024,0.9663187861442566,1,0.05009081959724426,-0.08328624069690704,-0.03894951194524765,-0.08908303827047348,-0.10098720341920853,0.9908915162086487
P001,P001_S01,P001_S01_ST1TR_TR03_R01,TR03,R01,Gridworld_Requested_Voice,Study 1,Gridworld,Requested Feedback,Voice,1,1787856672.1468937,1787856672.4505813,2026-08-27T18:51:12.450581+00:00,0.30368757247924805,548399.218,26,839025621800,1,1,0.05000247806310654,-0.04820665717124939,-0.037973374128341675,-0.08851785957813263,-0.17070125043392181,0.9813387989997864,1,0.04981810599565506,-0.0145491361618042,-0.03702530264854431,-0.0902647152543068,-0.239081472158432,0.9667947888374329,1,0.050083599984645844,-0.0832701027393341,-0.0389370359480381,-0.0898914709687233,-0.09978826344013214,0.9909399151802063
P001,P001_S01,P001_S01_ST1TR_TR03_R01,TR03,R01,Gridworld_Requested_Voice,Study 1,Gridworld,Requested Feedback,Voice,1,1787856672.1468937,1787856672.455581,2026-08-27T18:51:12.455581+00:00,0.3086872100830078,548399.218,27,839025732912,1,1,0.04999217763543129,-0.04811374470591545,-0.037971094250679016,-0.08947618305683136,-0.17111384868621826,0.9811800718307495,1,0.04981718584895134,-0.014541205018758774,-0.037023331969976425,-0.08986631780862808,-0.23855768144130707,0.9669612646102905,1,0.050082068890333176,-0.08327335119247437,-0.038949448615312576,-0.08941661566495895,-0.10055775940418243,0.9909051060676575
P001,P001_S01,P001_S01_ST1TR_TR03_R01,TR03,R01,Gridworld_Requested_Voice,Study 1,Gridworld,Requested Feedback,Voice,1,1787856672.1468937,1787856672.471366,2026-08-27T18:51:12.471366+00:00,0.32447218894958496,548399.234,28,839025844025,1,1,0.049980346113443375,-0.0478656180202961,-0.03796248137950897,-0.09070514142513275,-0.17053784430027008,0.9811674356460571,1,0.04981209337711334,-0.014535699039697647,-0.0370151586830616,-0.09150820970535278,-0.23788292706012726,0.966973602771759,1,0.05007930099964142,-0.08323941379785538,-0.03893940895795822,-0.09117936342954636,-0.0967603325843811,0.9911225438117981
P001,P001_S01,P001_S01_ST1TR_TR03_R01,TR03,R01,Gridworld_Requested_Voice,Study 1,Gridworld,Requested Feedback,Voice,1,1787856672.1468937,1787856672.4718256,2026-08-27T18:51:12.471826+00:00,0.3249318599700928,548399.234,29,839025955138,1,1,0.049969930201768875,-0.04810419678688049,-0.037968944758176804,-0.09191250801086426,-0.16733893752098083,0.9816058278083801,1,0.04980028420686722,-0.014518282376229763,-0.037021685391664505,-0.09280799329280853,-0.23617449402809143,0.9672685265541077,1,0.05007447674870491,-0.08324277400970459,-0.03895140439271927,-0.09218571335077286,-0.09734819829463959,0.9909718036651611
P001,P001_S01,P001_S01_ST1TR_TR03_R01,TR03,R01,Gridworld_Requested_Voice,Study 1,Gridworld,Requested Feedback,Voice,1,1787856672.1468937,1787856672.5018315,2026-08-27T18:51:12.501832+00:00,0.3549377918243408,548399.265,30,839026066251,1,1,0.04996027424931526,-0.04840429127216339,-0.037977203726768494,-0.09243057668209076,-0.16421133279800415,0.9820852875709534,1,0.0498003251850605,-0.014501560479402542,-0.03703949600458145,-0.09183941036462784,-0.2356279343366623,0.9674940705299377,1,0.05006905272603035,-0.083225317299366,-0.03894106298685074,-0.0915478989481926,-0.09659093618392944,0.9911050796508789
P001,P001_S01,P001_S01_ST1TR_TR03_R01,TR03,R01,Gridworld_Requested_Voice,Study 1,Gridworld,Requested Feedback,Voice,1,1787856672.1468937,1787856672.5018315,2026-08-27T18:51:12.501832+00:00,0.3549377918243408,548399.265,31,839026177364,1,1,0.049951061606407166,-0.0486849769949913,-0.037986304610967636,-0.09293237328529358,-0.16197040677070618,0.9824099540710449,1,0.049794264137744904,-0.01447963248938322,-0.03704805672168732,-0.09233462810516357,-0.23307949304580688,0.9680641293525696,1,0.05006059631705284,-0.08322462439537048,-0.038956619799137115,-0.09205856174230576,-0.0964035615324974,0.9910759925842285
P001,P001_S01,P001_S01_ST1TR_TR03_R01,TR03,R01,Gridworld_Requested_Voice,Study 1,Gridworld,Requested Feedback,Voice,1,1787856672.1468937,1787856672.5158484,2026-08-27T18:51:12.515848+00:00,0.3689546585083008,548399.281,32,839026288476,1,1,0.049943797290325165,-0.049389954656362534,-0.03800687938928604,-0.09443969279527664,-0.15961290895938873,0.9826520085334778,1,0.04978019744157791,-0.014475452713668346,-0.03704483062028885,-0.09573994576931,-0.23266877233982086,0.9678322076797485,1,0.05004770681262016,-0.08321212977170944,-0.038955867290496826,-0.09544339030981064,-0.09501209855079651,0.9908901453018188
P001,P001_S01,P001_S01_ST1TR_TR03_R01,TR03,R01,Gridworld_Requested_Voice,Study 1,Gridworld,Requested Feedback,Voice,1,1787856672.1468937,1787856672.5158484,2026-08-27T18:51:12.515848+00:00,0.3689546585083008,548399.281,33,839026399590,1,1,0.049940045922994614,-0.04952022805809975,-0.03801042214035988,-0.09509307146072388,-0.158858984708786,0.9827112555503845,1,0.04978526383638382,-0.01444360800087452,-0.03707379102706909,-0.09460251033306122,-0.23059721291065216,0.9684395790100098,1,0.05004480108618736,-0.0831897035241127,-0.03892943635582924,-0.09456206113100052,-0.09384007006883621,0.9910863041877747
P001,P001_S01,P001_S01_ST1TR_TR03_R01,TR03,R01,Gridworld_Requested_Voice,Study 1,Gridworld,Requested Feedback,Voice,1,1787856672.1468937,1787856672.5315988,2026-08-27T18:51:12.531599+00:00,0.3847050666809082,548399.296,34,839026510702,1,1,0.04993761330842972,-0.04962515830993652,-0.03801165148615837,-0.09522907435894012,-0.15781539678573608,0.9828661680221558,1,0.049785200506448746,-0.014439194463193417,-0.03707226738333702,-0.09391895681619644,-0.23012714087963104,0.9686179161071777,1,0.05005137622356415,-0.08316846936941147,-0.03892010822892189,-0.09362737834453583,-0.09154084324836731,0.99139004945755
P001,P001_S01,P001_S01_ST1TR_TR03_R01,TR03,R01,Gridworld_Requested_Voice,Study 1,Gridworld,Requested Feedback,Voice,1,1787856672.1468937,1787856672.545679,2026-08-27T18:51:12.545679+00:00,0.3987853527069092,548399.312,35,839026621816,1,1,0.049935232847929,-0.04983958601951599,-0.0380200520157814,-0.0946795716881752,-0.15628618001937866,0.983163595199585,1,0.049787286669015884,-0.014405393972992897,-0.037116363644599915,-0.09216664731502533,-0.2278086543083191,0.969334065914154,1,0.05005462467670441,-0.08315231651067734,-0.03890589252114296,-0.09188294410705566,-0.09104356169700623,0.9915991425514221
P001,P001_S01,P001_S01_ST1TR_TR03_R01,TR03,R01,Gridworld_Requested_Voice,Study 1,Gridworld,Requested Feedback,Voice,1,1787856672.1468937,1787856672.5623562,2026-08-27T18:51:12.562356+00:00,0.4154624938964844,548399.328,36,839026732929,1,1,0.04993365705013275,-0.05033304914832115,-0.03803578391671181,-0.09468710422515869,-0.1538352072238922,0.9835492968559265,1,0.04978446289896965,-0.014413179829716682,-0.03710542619228363,-0.09321390092372894,-0.22801773250102997,0.9691847562789917,1,0.050046876072883606,-0.08313922584056854,-0.03890136256814003,-0.0931389257311821,-0.08896990865468979,0.9916700720787048
P001,P001_S01,P001_S01_ST1TR_TR03_R01,TR03,R01,Gridworld_Requested_Voice,Study 1,Gridworld,Requested Feedback,Voice,1,1787856672.1468937,1787856672.5623562,2026-08-27T18:51:12.562356+00:00,0.4154624938964844,548399.328,37,839026844041,1,1,0.04993255436420441,-0.05081876739859581,-0.03805011883378029,-0.09425899386405945,-0.15229825675487518,0.9838295578956604,1,0.04978718236088753,-0.014410887844860554,-0.03709346801042557,-0.09212639927864075,-0.2277458757162094,0.9693526029586792,1,0.05005159229040146,-0.08312693238258362,-0.03889666870236397,-0.09189218282699585,-0.0876651480793953,0.9919025897979736
P001,P001_S01,P001_S01_ST1TR_TR03_R01,TR03,R01,Gridworld_Requested_Voice,Study 1,Gridworld,Requested Feedback,Voice,1,1787856672.1468937,1787856672.5839734,2026-08-27T18:51:12.583973+00:00,0.43707966804504395,548399.359,38,839026955154,1,1,0.04993284121155739,-0.051399774849414825,-0.03806819021701813,-0.09365890920162201,-0.14994388818740845,0.9842483997344971,1,0.04979216679930687,-0.01436319574713707,-0.03715335950255394,-0.09123058617115021,-0.22539758682250977,0.9699860215187073,1,0.050058621913194656,-0.08309663087129593,-0.03885526582598686,-0.091158427298069,-0.08694909512996674,0.9920333623886108
P001,P001_S01,P001_S01_ST1TR_TR03_R01,TR03,R01,Gridworld_Requested_Voice,Study 1,Gridworld,Requested Feedback,Voice,1,1787856672.1468937,1787856672.590971,2026-08-27T18:51:12.590971+00:00,0.4440772533416748,548399.359,39,839027066267,1,1,0.04993138462305069,-0.0514473058283329,-0.038072798401117325,-0.09343689680099487,-0.1496403068304062,0.9843157529830933,1,0.04978420212864876,-0.01436268538236618,-0.037138041108846664,-0.09186860173940659,-0.2236478328704834,0.9703307747840881,1,0.05005666986107826,-0.0831286609172821,-0.03890480846166611,-0.09172516316175461,-0.08892839401960373,0.9918056130409241
P001,P001_S01,P001_S01_ST1TR_TR03_R01,TR03,R01,Gridworld_Requested_Voice,Study 1,Gridworld,Requested Feedback,Voice,1,1787856672.1468937,1787856672.5949655,2026-08-27T18:51:12.594965+00:00,0.4480717182159424,548399.359,40,839027177381,1,1,0.04993065819144249,-0.051484279334545135,-0.03807561472058296,-0.09255056828260422,-0.14892253279685974,0.9845083355903625,1,0.049789123237133026,-0.014363668859004974,-0.03714277222752571,-0.08988439291715622,-0.22459302842617035,0.9702982306480408,1,0.050061553716659546,-0.08311807364225388,-0.038883041590452194,-0.08963031321763992,-0.08858752250671387,0.9920275211334229
P001,P001_S01,P001_S01_ST1TR_TR03_R01,TR03,R01,Gridworld_Requested_Voice,Study 1,Gridworld,Requested Feedback,Voice,1,1787856672.1468937,1787856672.6103256,2026-08-27T18:51:12.610326+00:00,0.46343183517456055,548399.375,41,839027288494,1,1,0.0499308705329895,-0.05147522687911987,-0.03807401284575462,-0.09173187613487244,-0.14839667081832886,0.9846643209457397,1,0.04979304224252701,-0.014357968233525753,-0.03715238347649574,-0.08921899646520615,-0.22467292845249176,0.9703412055969238,1,0.0500653013586998,-0.08307751268148422,-0.03883448988199234,-0.08912716805934906,-0.08478982001543045,0.9924046993255615
P001,P001_S01,P001_S01_ST1TR_TR03_R01,TR03,R01,Gridworld_Requested_Voice,Study 1,Gridworld,Requested Feedback,Voice,1,1787856672.1468937,1787856672.6293263,2026-08-27T18:51:12.629326+00:00,0.48243260383605957,548399.406,42,839027399603,1,1,0.0499316081404686,-0.05122566595673561,-0.038066741079092026,-0.0908970832824707,-0.14899183809757233,0.9846518039703369,1,0.04979419708251953,-0.014349791221320629,-0.03715749457478523,-0.08855026215314865,-0.2239789217710495,0.9705629348754883,1,0.05006669834256172,-0.0830691009759903,-0.03883519023656845,-0.088299959897995,-0.08401323109865189,0.9925446510314941
P001,P001_S01,P001_S01_ST1TR_TR03_R01,TR03,R01,Gridworld_Requested_Voice,Study 1,Gridworld,Requested Feedback,Voice,1,1787856672.1468937,1787856672.6319244,2026-08-27T18:51:12.631924+00:00,0.4850306510925293,548399.406,43,839027510719,1,1,0.04993315041065216,-0.05107180029153824,-0.03806261718273163,-0.08969521522521973,-0.15043257176876068,0.9845430254936218,1,0.049798693507909775,-0.014352545142173767,-0.037159714847803116,-0.08678120374679565,-0.2246236801147461,0.9705736041069031,1,0.05007306486368179,-0.08307342976331711,-0.03883788362145424,-0.08652615547180176,-0.08481202274560928,0.9926329851150513
P001,P001_S01,P001_S01_ST1TR_TR03_R01,TR03,R01,Gridworld_Requested_Voice,Study 1,Gridworld,Requested Feedback,Voice,1,1787856672.1468937,1787856672.6491382,2026-08-27T18:51:12.649138+00:00,0.5022444725036621,548399.421,44,839027621830,1,1,0.049935419112443924,-0.05113893002271652,-0.038063809275627136,-0.08899413049221039,-0.1504046469926834,0.984610915184021,1,0.04980001226067543,-0.014372586272656918,-0.037132956087589264,-0.08726754784584045,-0.22669397294521332,0.9700484871864319,1,0.05007557570934296,-0.08308560401201248,-0.038851212710142136,-0.08680732548236847,-0.08612732589244843,0.9924951791763306
P001,P001_S01,P001_S01_ST1TR_TR03_R01,TR03,R01,Gridworld_Requested_Voice,Study 1,Gridworld,Requested Feedback,Voice,1,1787856672.1468937,1787856672.655136,2026-08-27T18:51:12.655136+00:00,0.5082423686981201,548399.421,45,839027732945,1,1,0.04993690177798271,-0.0510634109377861,-0.03806108608841896,-0.08827468752861023,-0.15081240236759186,0.9846133589744568,1,0.049800507724285126,-0.014352845028042793,-0.03715625777840614,-0.08646928519010544,-0.2247454673051834,0.9705732464790344,1,0.05007617175579071,-0.0830879807472229,-0.03885132819414139,-0.0862683355808258,-0.08654482662677765,0.9925059080123901
P001,P001_S01,P001_S01_ST1TR_TR03_R01,TR03,R01,Gridworld_Requested_Voice,Study 1,Gridworld,Requested Feedback,Voice,1,1787856672.1468937,1787856672.6681826,2026-08-27T18:51:12.668183+00:00,0.5212888717651367,548399.437,46,839027844057,1,1,0.049938399344682693,-0.05079830437898636,-0.038053639233112335,-0.08766504377126694,-0.15114516019821167,0.9846166968345642,1,0.049800723791122437,-0.014359560795128345,-0.037152715027332306,-0.08623748272657394,-0.2251952886581421,0.9704896807670593,1,0.050079938024282455,-0.08307529240846634,-0.03884340822696686,-0.08584973216056824,-0.0848764032125473,0.9926862120628357
P001,P001_S01,P001_S01_ST1TR_TR03_R01,TR03,R01,Gridworld_Requested_Voice,Study 1,Gridworld,Requested Feedback,Voice,1,1787856672.1468937,1787856672.68923,2026-08-27T18:51:12.689230+00:00,0.5423362255096436,548399.453,47,839027955169,1,1,0.04993985593318939,-0.050679732114076614,-0.03804996609687805,-0.0872926115989685,-0.15084297955036163,0.9846961498260498,1,0.04979994520545006,-0.0143668157979846,-0.03715129569172859,-0.08629628270864487,-0.22628186643123627,0.9702317118644714,1,0.05007607117295265,-0.0830685943365097,-0.03883146122097969,-0.0860612690448761,-0.08441461622714996,0.9927072525024414
P001,P001_S01,P001_S01_ST1TR_TR03_R01,TR03,R01,Gridworld_Requested_Voice,Study 1,Gridworld,Requested Feedback,Voice,1,1787856672.1468937,1787856672.68923,2026-08-27T18:51:12.689230+00:00,0.5423362255096436,548399.453,48,839028066282,1,1,0.04993781819939613,-0.050464872270822525,-0.03804079815745354,-0.08880184590816498,-0.1528066098690033,0.9842583537101746,1,0.04977238178253174,-0.014442717656493187,-0.03711537644267082,-0.09133735299110413,-0.23531140387058258,0.9676186442375183,1,0.050053782761096954,-0.08309754729270935,-0.03881813958287239,-0.09105534851551056,-0.08833654969930649,0.9919201731681824
P001,P001_S01,P001_S01_ST1TR_TR03_R01,TR03,R01,Gridworld_Requested_Voice,Study 1,Gridworld,Requested Feedback,Voice,1,1787856672.1468937,1787856672.7122376,2026-08-27T18:51:12.712238+00:00,0.5653438568115234,548399.484,49,839028177395,1,1,0.049935467541217804,-0.05033757537603378,-0.03803248330950737,-0.09016713500022888,-0.15452077984809875,0.9838665723800659,1,0.049759641289711,-0.014452776871621609,-0.03711816295981407,-0.09218765795230865,-0.23472224175930023,0.9676811695098877,1,0.05004410073161125,-0.08310569077730179,-0.038827501237392426,-0.09211645275354385,-0.08755727112293243,0.9918912649154663
P001,P001_S01,P001_S01_ST1TR_TR03_R01,TR03,R01,Gridworld_Requested_Voice,Study 1,Gridworld,Requested Feedback,Voice,1,1787856672.1468937,1787856672.713238,2026-08-27T18:51:12.713238+00:00,0.5663442611694336,548399.484,50,839028288508,1,1,0.04993278160691261,-0.050114188343286514,-0.03802308440208435,-0.09079200029373169,-0.15537983179092407,0.9836738109588623,1,0.0497652105987072,-0.014440277591347694,-0.0371178537607193,-0.09129109233617783,-0.23240767419338226,0.9683246612548828,1,0.05004933476448059,-0.08311694115400314,-0.0388355515897274,-0.09130997955799103,-0.08778452128171921,0.9919458031654358
P001,P001_S01,P001_S01_ST1TR_TR03_R01,TR03,R01,Gridworld_Requested_Voice,Study 1,Gridworld,Requested Feedback,Voice,1,1787856672.1468937,1787856672.7242408,2026-08-27T18:51:12.724241+00:00,0.5773470401763916,548399.5,51,839028399621,1,1,0.04993102326989174,-0.05008868873119354,-0.038020726293325424,-0.09078869968652725,-0.15508997440338135,0.9837197661399841,1,0.04976847022771835,-0.014430460520088673,-0.03712569549679756,-0.09017547965049744,-0.23158514499664307,0.9686262011528015,1,0.05005612596869469,-0.08311668038368225,-0.03882792219519615,-0.09003571420907974,-0.08797995746135712,0.9920449256896973
P001,P001_S01,P001_S01_ST1TR_TR03_R01,TR03,R01,Gridworld_Requested_Voice,Study 1,Gridworld,Requested Feedback,Voice,1,1787856672.1468937,1787856672.7272418,2026-08-27T18:51:12.727242+00:00,0.580348014831543,548399.5,52,839028510733,1,1,0.04992927983403206,-0.050215430557727814,-0.038021691143512726,-0.09136929363012314,-0.15535542368888855,0.9836242198944092,1,0.04975969344377518,-0.014435951597988605,-0.037118036299943924,-0.09192469716072083,-0.23234125971794128,0.9682806134223938,1,0.05005541071295738,-0.08312611281871796,-0.038833193480968475,-0.09166201949119568,-0.08920734375715256,0.9917863607406616
P001,P001_S01,P001_S01_ST1TR_TR03_R01,TR03,R01,Gridworld_Requested_Voice,Study 1,Gridworld,Requested Feedback,Voice,1,1787856672.1468937,1787856672.740543,2026-08-27T18:51:12.740543+00:00,0.59364914894104,548399.515,53,839028621849,1,1,0.04992678388953209,-0.05023287609219551,-0.038018856197595596,-0.09122700989246368,-0.15683427453041077,0.983402669429779,1,0.049767863005399704,-0.014436064288020134,-0.03711402416229248,-0.0902683362364769,-0.23228326439857483,0.9684503674507141,1,0.05005311220884323,-0.08311339467763901,-0.038821373134851456,-0.09026217460632324,-0.08772390335798264,0.9920470118522644
P001,P001_S01,P001_S01_ST1TR_TR03_R01,TR03,R01,Gridworld_Requested_Voice,Study 1,Gridworld,Requested Feedback,Voice,1,1787856672.1468937,1787856672.766286,2026-08-27T18:51:12.766286+00:00,0.6193921566009521,548399.531,54,839028732961,1,1,0.04992303624749184,-0.0500166229903698,-0.038010142743587494,-0.09112942963838577,-0.15811415016651154,0.9832068085670471,1,0.049762945622205734,-0.01443831343203783,-0.03711241856217384,-0.09039417654275894,-0.23342297971248627,0.9681645035743713,1,0.05005539953708649,-0.0831078439950943,-0.038807839155197144,-0.09017238765954971,-0.08791220188140869,0.9920384883880615
P001,P001_S01,P001_S01_ST1TR_TR03_R01,TR03,R01,Gridworld_Requested_Voice,Study 1,Gridworld,Requested Feedback,Voice,1,1787856672.1468937,1787856672.7692873,2026-08-27T18:51:12.769287+00:00,0.6223936080932617,548399.531,55,839028844073,1,1,0.049918532371520996,-0.04977292940020561,-0.0380001999437809,-0.09164219349622726,-0.15994234383106232,0.9828633069992065,1,0.049756646156311035,-0.014442610554397106,-0.03710072860121727,-0.0920403003692627,-0.23324114084243774,0.9680532813072205,1,0.050050631165504456,-0.08311735838651657,-0.038832444697618484,-0.09186823666095734,-0.0884387418627739,0.9918361902236938
P001,P001_S01,P001_S01_ST1TR_TR03_R01,TR03,R01,Gridworld_Requested_Voice,Study 1,Gridworld,Requested Feedback,Voice,1,1787856672.1468937,1787856672.7692873,2026-08-27T18:51:12.769287+00:00,0.6223936080932617,548399.531,56,839028955186,1,1,0.04991520196199417,-0.04980754107236862,-0.0379982627928257,-0.09171296656131744,-0.15945424139499664,0.9829360246658325,1,0.04976029694080353,-0.014437367208302021,-0.03710400313138962,-0.09119958430528641,-0.23302941024303436,0.9681838750839233,1,0.0500510111451149,-0.0831189975142479,-0.03883780911564827,-0.09117081761360168,-0.08898144960403442,0.9918518662452698
P001,P001_S01,P001_S01_ST1TR_TR03_R01,TR03,R01,Gridworld_Requested_Voice,Study 1,Gridworld,Requested Feedback,Voice,1,1787856672.1468937,1787856672.7900155,2026-08-27T18:51:12.790015+00:00,0.6431217193603516,548399.562,57,839029066299,1,1,0.049912385642528534,-0.049851153045892715,-0.03799804672598839,-0.09156006574630737,-0.1588742583990097,0.9830442667007446,1,0.04975944012403488,-0.014431475661695004,-0.03711545839905739,-0.09070929139852524,-0.2335202544927597,0.9681115746498108,1,0.05005593225359917,-0.08312839269638062,-0.03884173929691315,-0.09057611227035522,-0.09118030220270157,0.9917066693305969
P001,P001_S01,P001_S01_ST1TR_TR03_R01,TR03,R01,Gridworld_Requested_Voice,Study 1,Gridworld,Requested Feedback,Voice,1,1787856672.1468937,1787856672.8050249,2026-08-27T18:51:12.805025+00:00,0.6581311225891113,548399.578,58,839029178324,1,1,0.049911778420209885,-0.04990868642926216,-0.0379999577999115,-0.09197697043418884,-0.15821699798107147,0.9831113219261169,1,0.04975518211722374,-0.014441325329244137,-0.03710322082042694,-0.09226113557815552,-0.23430512845516205,0.967775285243988,1,0.05005302652716637,-0.0831226110458374,-0.03883828967809677,-0.092032790184021,-0.09028402715921402,0.991654634475708
P001,P001_S01,P001_S01_ST1TR_TR03_R01,TR03,R01,Gridworld_Requested_Voice,Study 1,Gridworld,Requested Feedback,Voice,1,1787856672.1468937,1787856672.821999,2026-08-27T18:51:12.821999+00:00,0.6751053333282471,548399.593,59,839029332440,1,1,0.049912307411432266,-0.04995853826403618,-0.03800152987241745,-0.09206075221300125,-0.15838761627674103,0.9830759763717651,1,0.04975558817386627,-0.014433111995458603,-0.037113383412361145,-0.09164207428693771,-0.23377561569213867,0.9679621458053589,1,0.05005394294857979,-0.08312312513589859,-0.038838084787130356,-0.09153781086206436,-0.0907188281416893,0.9916607141494751
P001,P001_S01,P001_S01_ST1TR_TR03_R01,TR03,R01,Gridworld_Requested_Voice,Study 1,Gridworld,Requested Feedback,Voice,1,1787856672.1468937,1787856672.829004,2026-08-27T18:51:12.829004+00:00,0.6821103096008301,548399.593,60,839029439386,1,1,0.04991164058446884,-0.049975667148828506,-0.03800148516893387,-0.09258049726486206,-0.15865278244018555,0.9829844236373901,1,0.04975114390254021,-0.014441212639212608,-0.037104811519384384,-0.09296219795942307,-0.2339504212141037,0.9677940011024475,1,0.050048183649778366,-0.08312197029590607,-0.038838647305965424,-0.09288308024406433,-0.08986819535493851,0.9916130304336548
P001,P001_S01,P001_S01_ST1TR_TR03_R01,TR03,R01,Gridworld_Requested_Voice,Study 1,Gridworld,Requested Feedback,Voice,1,1787856672.1468937,1787856672.8381095,2026-08-27T18:51:12.838109+00:00,0.6912157535552979,548399.609,61,839029549968,1,1,0.04990972578525543,-0.04988726228475571,-0.03799864649772644,-0.09323582053184509,-0.15856331586837769,0.9829369187355042,1,0.04974714294075966,-0.014437153935432434,-0.037102874368429184,-0.09387613832950592,-0.23322466015815735,0.9678809642791748,1,0.05004611611366272,-0.08311732113361359,-0.0388367623090744,-0.09372279047966003,-0.08909326046705246,0.9916039705276489
P001,P001_S01,P001_S01_ST1TR_TR03_R01,TR03,R01,Gridworld_Requested_Voice,Study 1,Gridworld,Requested Feedback,Voice,1,1787856672.1468937,1787856672.8594646,2026-08-27T18:51:12.859465+00:00,0.7125709056854248,548399.625,62,839029661081,1,1,0.049908339977264404,-0.0498671792447567,-0.037998247891664505,-0.09375287592411041,-0.15831182897090912,0.9829282760620117,1,0.04974530637264252,-0.014434382319450378,-0.0371202677488327,-0.09412132203578949,-0.23370307683944702,0.9677417278289795,1,0.05004362761974335,-0.08311769366264343,-0.038832880556583405,-0.0939236432313919,-0.08984963595867157,0.9915167689323425
P001,P001_S01,P001_S01_ST1TR_TR03_R01,TR03,R01,Gridworld_Requested_Voice,Study 1,Gridworld,Requested Feedback,Voice,1,1787856672.1468937,1787856672.8594646,2026-08-27T18:51:12.859465+00:00,0.7125709056854248,548399.625,63,839029772195,1,1,0.049907293170690536,-0.05014529824256897,-0.038006506860256195,-0.0944782942533493,-0.15776439011096954,0.9829468727111816,1,0.04973483085632324,-0.014437951147556305,-0.03711799904704094,-0.09528251737356186,-0.23392309248447418,0.967574954032898,1,0.050040483474731445,-0.0831291675567627,-0.03884333372116089,-0.09495320916175842,-0.09096118062734604,0.9913173317909241
P001,P001_S01,P001_S01_ST1TR_TR03_R01,TR03,R01,Gridworld_Requested_Voice,Study 1,Gridworld,Requested Feedback,Voice,1,1787856672.1468937,1787856672.8786917,2026-08-27T18:51:12.878692+00:00,0.7317979335784912,548399.64,64,839029883306,1,1,0.04990604147315025,-0.05044539272785187,-0.038015879690647125,-0.09442228823900223,-0.1573464274406433,0.9830191731452942,1,0.04972871392965317,-0.014431725256145,-0.03712630271911621,-0.0935879796743393,-0.23420760035514832,0.9676714539527893,1,0.050037652254104614,-0.08312289416790009,-0.038832515478134155,-0.0935327559709549,-0.09121303260326385,0.9914292097091675
P001,P001_S01,P001_S01_ST1TR_TR03_R01,TR03,R01,Gridworld_Requested_Voice,Study 1,Gridworld,Requested Feedback,Voice,1,1787856672.1468937,1787856672.8796923,2026-08-27T18:51:12.879692+00:00,0.7327985763549805,548399.656,65,839029994418,1,1,0.049905020743608475,-0.050715137273073196,-0.03802395612001419,-0.09375555068254471,-0.15791119635105133,0.98299241065979,1,0.04971618577837944,-0.014425745233893394,-0.037125132977962494,-0.09193515032529831,-0.23309719562530518,0.9680979251861572,1,0.050045982003211975,-0.08312337100505829,-0.03883422166109085,-0.0916636735200882,-0.09090352803468704,0.9916321635246277
P001,P001_S01,P001_S01_ST1TR_TR03_R01,TR03,R01,Gridworld_Requested_Voice,Study 1,Gridworld,Requested Feedback,Voice,1,1787856672.1468937,1787856672.8980565,2026-08-27T18:51:12.898057+00:00,0.7511627674102783,548399.671,66,839030105532,1,1,0.049903202801942825,-0.05084947124123573,-0.03802771866321564,-0.09302467107772827,-0.15722087025642395,0.9831724762916565,1,0.04971478879451752,-0.014428551308810711,-0.03711027279496193,-0.09101573377847672,-0.23229534924030304,0.968377411365509,1,0.05004580318927765,-0.08312565088272095,-0.03883933275938034,-0.09104686230421066,-0.09002116322517395,0.9917694926261902
P001,P001_S01,P001_S01_ST1TR_TR03_R01,TR03,R01,Gridworld_Requested_Voice,Study 1,Gridworld,Requested Feedback,Voice,1,1787856672.1468937,1787856672.8980565,2026-08-27T18:51:12.898057+00:00,0.7511627674102783,548399.671,67,839030216644,1,1,0.04990151897072792,-0.05083632096648216,-0.03802666813135147,-0.09200876951217651,-0.15705667436122894,0.9832942485809326,1,0.04973040148615837,-0.014430520124733448,-0.03709287568926811,-0.08955845981836319,-0.23188263177871704,0.9686123132705688,1,0.0500510148704052,-0.08313269168138504,-0.03884826973080635,-0.08959916234016418,-0.09016837924718857,0.9918878674507141
P001,P001_S01,P001_S01_ST1TR_TR03_R01,TR03,R01,Gridworld_Requested_Voice,Study 1,Gridworld,Requested Feedback,Voice,1,1787856672.1468937,1787856672.9200113,2026-08-27T18:51:12.920011+00:00,0.7731175422668457,548399.687,68,839030327757,1,1,0.049900513142347336,-0.05054037645459175,-0.03801813721656799,-0.09082482010126114,-0.15820065140724182,0.9832209944725037,1,0.04975133016705513,-0.01441696472465992,-0.03709528595209122,-0.08832641690969467,-0.23109650611877441,0.9689132571220398,1,0.050062429159879684,-0.08310481905937195,-0.03882399946451187,-0.08805195987224579,-0.08776137232780457,0.9922422766685486
P001,P001_S01,P001_S01_ST1TR_TR03_R01,TR03,R01,Gridworld_Requested_Voice,Study 1,Gridworld,Requested Feedback,Voice,1,1787856672.1468937,1787856672.9203713,2026-08-27T18:51:12.920371+00:00,0.7734775543212891,548399.687,69,839030438870,1,1,0.04990164935588837,-0.05027066543698311,-0.038010116666555405,-0.088798388838768,-0.1587117612361908,0.9833237528800964,1,0.049779262393713,-0.01438110414892435,-0.037127669900655746,-0.08496459573507309,-0.22952720522880554,0.9695866703987122,1,0.05007587745785713,-0.08306378871202469,-0.038794443011283875,-0.08447472751140594,-0.0854383334517479,0.9927559494972229
P001,P001_S01,P001_S01_ST1TR_TR03_R01,TR03,R01,Gridworld_Requested_Voice,Study 1,Gridworld,Requested Feedback,Voice,1,1787856672.1468937,1787856672.937379,2026-08-27T18:51:12.937379+00:00,0.790485143661499,548399.703,70,839030549982,1,1,0.0499054491519928,-0.05020670220255852,-0.03800850734114647,-0.08738608658313751,-0.15737353265285492,0.9836652874946594,1,0.049791932106018066,-0.0143605200573802,-0.037123896181583405,-0.08490287512540817,-0.22703228890895844,0.9701792001724243,1,0.05008832365274429,-0.08306526392698288,-0.03881702572107315,-0.08441799879074097,-0.08543746918439865,0.9927608966827393
P001,P001_S01,P001_S01_ST1TR_TR03_R01,TR03,R01,Gridworld_Requested_Voice,Study 1,Gridworld,Requested Feedback,Voice,1,1787856672.1468937,1787856672.9603176,2026-08-27T18:51:12.960318+00:00,0.8134238719940186,548399.734,71,839030661096,1,1,0.04991048201918602,-0.050234418362379074,-0.038009773939847946,-0.0859706848859787,-0.154841810464859,0.9841915965080261,1,0.049792829900979996,-0.01433595735579729,-0.03711714595556259,-0.08368091285228729,-0.22368569672107697,0.971062421798706,1,0.05009766295552254,-0.08305185288190842,-0.03883068263530731,-0.08308184146881104,-0.08340530842542648,0.9930462837219238
P001,P001_S01,P001_S01_ST1TR_TR03_R01,TR03,R01,Gridworld_Requested_Voice,Study 1,Gridworld,Requested Feedback,Voice,1,1787856672.1468937,1787856672.9603176,2026-08-27T18:51:12.960318+00:00,0.8134238719940186,548399.734,72,839030772209,1,1,0.04991716146469116,-0.050554126501083374,-0.03801684081554413,-0.08470802009105682,-0.1502663493156433,0.9850099682807922,1,0.049796052277088165,-0.014314203523099422,-0.03711969777941704,-0.08282046765089035,-0.22313478589057922,0.9712628722190857,1,0.05009738355875015,-0.08302512019872665,-0.03881300613284111,-0.08227916806936264,-0.082123763859272,0.9932199120521545
P001,P001_S01,P001_S01_ST1TR_TR03_R01,TR03,R01,Gridworld_Requested_Voice,Study 1,Gridworld,Requested Feedback,Voice,1,1787856672.1468937,1787856672.9803982,2026-08-27T18:51:12.980398+00:00,0.8335044384002686,548399.75,73,839030883321,1,1,0.049924734979867935,-0.050796739757061005,-0.03802026808261871,-0.0834336131811142,-0.1456184685230255,0.9858165979385376,1,0.04979485273361206,-0.014278261922299862,-0.03713154420256615,-0.08178897947072983,-0.2203604131937027,0.9719834327697754,1,0.050107769668102264,-0.08296868950128555,-0.03878036513924599,-0.08095899224281311,-0.07705095410346985,0.9937347173690796
P001,P001_S01,P001_S01_ST1TR_TR03_R01,TR03,R01,Gridworld_Requested_Voice,Study 1,Gridworld,Requested Feedback,Voice,1,1787856672.1468937,1787856672.982398,2026-08-27T18:51:12.982398+00:00,0.8355042934417725,548399.75,74,839030994435,1,0,0.0,0.0,0.0,0.0,0.0,0.0,1,0.0498076006770134,-0.014257845468819141,-0.03713630512356758,-0.07828454673290253,-0.21893228590488434,0.9725945591926575,1,0.05010927841067314,-0.08294910937547684,-0.03878070414066315,-0.07735975831747055,-0.07555411756038666,0.9941363334655762
P001,P001_S01,P001_S01_ST1TR_TR03_R01,TR03,R01,Gridworld_Requested_Voice,Study 1,Gridworld,Requested Feedback,Voice,1,1787856672.1468937,1787856672.9951954,2026-08-27T18:51:12.995195+00:00,0.8483016490936279,548399.765,75,839031105546,1,1,0.04993221536278725,-0.05084859952330589,-0.038020357489585876,-0.08173137903213501,-0.14240507781505585,0.9864283800125122,1,0.04980403557419777,-0.014224321581423283,-0.03714974597096443,-0.07932338863611221,-0.21565450727939606,0.9732424020767212,1,0.050106197595596313,-0.0829324796795845,-0.03878311440348625,-0.07859483361244202,-0.07426615804433823,0.9941364526748657
P001,P001_S01,P001_S01_ST1TR_TR03_R01,TR03,R01,Gridworld_Requested_Voice,Study 1,Gridworld,Requested Feedback,Voice,1,1787856672.1468937,1787856672.9951954,2026-08-27T18:51:12.995195+00:00,0.8483016490936279,548399.765,76,839031216660,1,1,0.04994006082415581,-0.05087198317050934,-0.03801732137799263,-0.08010007441043854,-0.14019101858139038,0.986879289150238,1,0.049808602780103683,-0.014190101996064186,-0.03717348352074623,-0.07798231393098831,-0.2137911021709442,0.9737617373466492,1,0.050107598304748535,-0.08286863565444946,-0.03871094807982445,-0.07715406268835068,-0.06893958151340485,0.9946328997612
P001,P001_S01,P001_S01_ST1TR_TR03_R01,TR03,R01,Gridworld_Requested_Voice,Study 1,Gridworld,Requested Feedback,Voice,1,1787856672.1468937,1787856673.0131955,2026-08-27T18:51:13.013196+00:00,0.8663017749786377,548399.781,77,839031327773,1,1,0.04994800686836243,-0.050910040736198425,-0.03801453486084938,-0.07877214252948761,-0.13742919266223907,0.9873744249343872,1,0.04980817437171936,-0.014177041128277779,-0.037180837243795395,-0.07736755907535553,-0.21333171427249908,0.9739116430282593,1,0.050108008086681366,-0.08284684270620346,-0.03870004415512085,-0.07650794833898544,-0.06747530400753021,0.9947832822799683
P001,P001_S01,P001_S01_ST1TR_TR03_R01,TR03,R01,Gridworld_Requested_Voice,Study 1,Gridworld,Requested Feedback,Voice,1,1787856672.1468937,1787856673.0281942,2026-08-27T18:51:13.028194+00:00,0.8813004493713379,548399.796,78,839031438887,1,1,0.04995566979050636,-0.05109376460313797,-0.03801586851477623,-0.07762821763753891,-0.13457973301410675,0.987857460975647,1,0.04981184005737305,-0.014162777923047543,-0.03718164563179016,-0.07664432376623154,-0.21209567785263062,0.9742386341094971,1,0.05010633170604706,-0.08284083753824234,-0.03870602697134018,-0.07582611590623856,-0.06719321012496948,0.9948545098304749
P001,P001_S01,P001_S01_ST1TR_TR03_R01,TR03,R01,Gridworld_Requested_Voice,Study 1,Gridworld,Requested Feedback,Voice,1,1787856672.1468937,1787856673.0281942,2026-08-27T18:51:13.028194+00:00,0.8813004493713379,548399.796,79,839031549999,1,1,0.04996354877948761,-0.051564835011959076,-0.0380246527493,-0.07741399109363556,-0.13193681836128235,0.9882307052612305,1,0.04981479048728943,-0.0141725679859519,-0.037162210792303085,-0.07834438234567642,-0.21236424148082733,0.974044919013977,1,0.05011312663555145,-0.0828239768743515,-0.03870686516165733,-0.07729324698448181,-0.06466574966907501,0.9949090480804443
P001,P001_S01,P001_S01_ST1TR_TR03_R01,TR03,R01,Gridworld_Requested_Voice,Study 1,Gridworld,Requested Feedback,Voice,1,1787856672.1468937,1787856673.0488505,2026-08-27T18:51:13.048851+00:00,0.9019567966461182,548399.812,80,839031661112,1,1,0.04997000843286514,-0.05212518572807312,-0.03803646191954613,-0.07754942774772644,-0.12952741980552673,0.9885388016700745,1,0.04982917383313179,-0.014169220812618732,-0.03712795302271843,-0.07911394536495209,-0.2095533311367035,0.9745914340019226,1,0.050107430666685104,-0.08284454792737961,-0.03875363990664482,-0.07806223630905151,-0.06472289562225342,0.9948453307151794
P001,P001_S01,P001_S01_ST1TR_TR03_R01,TR03,R01,Gridworld_Requested_Voice,Study 1,Gridworld,Requested Feedback,Voice,1,1787856672.1468937,1787856673.0682218,2026-08-27T18:51:13.068222+00:00,0.921328067779541,548399.843,81,839031772225,1,1,0.04997473210096359,-0.052317064255476,-0.0380370058119297,-0.07681828737258911,-0.12914249300956726,0.9886462092399597,1,0.04983839765191078,-0.014177123084664345,-0.03711771219968796,-0.07681993395090103,-0.210751473903656,0.9745165109634399,1,0.05011927708983421,-0.08282115310430527,-0.03873518481850624,-0.07550808787345886,-0.06240532174706459,0.9951905012130737
P001,P001_S01,P001_S01_ST1TR_TR03_R01,TR03,R01,Gridworld_Requested_Voice,Study 1,Gridworld,Requested Feedback,Voice,1,1787856672.1468937,1787856673.0682218,2026-08-27T18:51:13.068222+00:00,0.921328067779541,548399.843,82,839031883337,1,1,0.0499783493578434,-0.052349574863910675,-0.03803369402885437,-0.07633475214242935,-0.12985077500343323,0.9885908961296082,1,0.049841418862342834,-0.014184456318616867,-0.03710779547691345,-0.07675797492265701,-0.21110019087791443,0.9744459390640259,1,0.05011864751577377,-0.08284201472997665,-0.038752902299165726,-0.07554656267166138,-0.06434798240661621,0.995063841342926
P001,P001_S01,P001_S01_ST1TR_TR03_R01,TR03,R01,Gridworld_Requested_Voice,Study 1,Gridworld,Requested Feedback,Voice,1,1787856672.1468937,1787856673.0879111,2026-08-27T18:51:13.087911+00:00,0.9410173892974854,548399.859,83,839031994451,1,1,0.0499812588095665,-0.0522192008793354,-0.03802773728966713,-0.07577449083328247,-0.12913760542869568,0.9887273907661438,1,0.049843497574329376,-0.014179001562297344,-0.03711512312293053,-0.07599278539419174,-0.21070338785648346,0.974591851234436,1,0.050121039152145386,-0.08285057544708252,-0.038760628551244736,-0.07496831566095352,-0.06546565145254135,0.9950347542762756
P001,P001_S01,P001_S01_ST1TR_TR03_R01,TR03,R01,Gridworld_Requested_Voice,Study 1,Gridworld,Requested Feedback,Voice,1,1787856672.1468937,1787856673.0890257,2026-08-27T18:51:13.089026+00:00,0.9421319961547852,548399.859,84,839032105564,1,1,0.049982793629169464,-0.05206866189837456,-0.038022082298994064,-0.07608040422201157,-0.1287449300289154,0.9887551069259644,1,0.04983345419168472,-0.014188246801495552,-0.03711216151714325,-0.07788066565990448,-0.21138831973075867,0.9742944240570068,1,0.050116103142499924,-0.0828476995229721,-0.03875444829463959,-0.07689817249774933,-0.06477097421884537,0.9949328303337097
P001,P001_S01,P001_S01_ST1TR_TR03_R01,TR03,R01,Gridworld_Requested_Voice,Study 1,Gridworld,Requested Feedback,Voice,1,1787856672.1468937,1787856673.1030295,2026-08-27T18:51:13.103029+00:00,0.9561357498168945,548399.875,85,839032216676,1,1,0.049984414130449295,-0.05207309126853943,-0.03801901265978813,-0.07623600214719772,-0.12877723574638367,0.9887388944625854,1,0.04982548579573631,-0.014185057021677494,-0.03712334856390953,-0.07772618532180786,-0.21145205199718475,0.9742928743362427,1,0.05011731758713722,-0.08285100013017654,-0.03874433413147926,-0.07666677236557007,-0.0654439777135849,0.9949067234992981
P001,P001_S01,P001_S01_ST1TR_TR03_R01,TR03,R01,Gridworld_Requested_Voice,Study 1,Gridworld,Requested Feedback,Voice,1,1787856672.1468937,1787856673.1209228,2026-08-27T18:51:13.120923+00:00,0.9740290641784668,548399.89,86,839032327789,1,1,0.04998583719134331,-0.05228596180677414,-0.03802473098039627,-0.0765358954668045,-0.12905853986740112,0.9886791110038757,1,0.049817487597465515,-0.014174895361065865,-0.03714456036686897,-0.07806069403886795,-0.21104396879673004,0.9743545651435852,1,0.0501093789935112,-0.08286886662244797,-0.03875052183866501,-0.07734110951423645,-0.06809493154287338,0.9946766495704651
P001,P001_S01,P001_S01_ST1TR_TR03_R01,TR03,R01,Gridworld_Requested_Voice,Study 1,Gridworld,Requested Feedback,Voice,1,1787856672.1468937,1787856673.1239252,2026-08-27T18:51:13.123925+00:00,0.9770314693450928,548399.89,87,839032438902,1,1,0.0499858558177948,-0.052257224917411804,-0.03802549093961716,-0.07653984427452087,-0.13010425865650177,0.9885416626930237,1,0.049808453768491745,-0.01416759006679058,-0.03716816380620003,-0.07747304439544678,-0.210891455411911,0.9744345545768738,1,0.050110507756471634,-0.08286334574222565,-0.038736697286367416,-0.07668597996234894,-0.06801559031009674,0.994732677936554
P001,P001_S01,P001_S01_ST1TR_TR03_R01,TR03,R01,Gridworld_Requested_Voice,Study 1,Gridworld,Requested Feedback,Voice,1,1787856672.1468937,1787856673.1378102,2026-08-27T18:51:13.137810+00:00,0.9909164905548096,548399.906,88,839032550014,1,1,0.04998479411005974,-0.052123021334409714,-0.03802366927266121,-0.07693935930728912,-0.1311076581478119,0.9883780479431152,1,0.04979972168803215,-0.014176484197378159,-0.03717247024178505,-0.07864102721214294,-0.21175448596477509,0.9741537570953369,1,0.050107818096876144,-0.08286705613136292,-0.03873605653643608,-0.07771638035774231,-0.06837525963783264,0.9946280717849731
P001,P001_S01,P001_S01_ST1TR_TR03_R01,TR03,R01,Gridworld_Requested_Voice,Study 1,Gridworld,Requested Feedback,Voice,1,1787856672.1468937,1787856673.1611495,2026-08-27T18:51:13.161150+00:00,1.0142557621002197,548399.937,89,839032661128,1,1,0.04998156800866127,-0.05171697586774826,-0.03801637887954712,-0.07751043140888214,-0.1335527002811432,0.9880061149597168,1,0.04979522526264191,-0.014180298894643784,-0.03717456012964249,-0.07939207553863525,-0.21195703744888306,0.9740487933158875,1,0.050103530287742615,-0.08286787569522858,-0.03873240947723389,-0.07852727919816971,-0.06820183247327805,0.9945762753486633
P001,P001_S01,P001_S01_ST1TR_TR03_R01,TR03,R01,Gridworld_Requested_Voice,Study 1,Gridworld,Requested Feedback,Voice,1,1787856672.1468937,1787856673.1611495,2026-08-27T18:51:13.161150+00:00,1.0142557621002197,548399.937,90,839032772241,1,1,0.04997802525758743,-0.051392845809459686,-0.03801030293107033,-0.07830056548118591,-0.13462239503860474,0.9877985715866089,1,0.04978974536061287,-0.014185816049575806,-0.037174325436353683,-0.08055873215198517,-0.2119901180267334,0.9739458560943604,1,0.05010097846388817,-0.08288194239139557,-0.038743190467357635,-0.07962396740913391,-0.06925763934850693,0.9944161176681519
P001,P001_S01,P001_S01_ST1TR_TR03_R01,TR03,R01,Gridworld_Requested_Voice,Study 1,Gridworld,Requested Feedback,Voice,1,1787856672.1468937,1787856673.180706,2026-08-27T18:51:13.180706+00:00,1.0338122844696045,548399.953,91,839032883353,1,1,0.049975063651800156,-0.0513681098818779,-0.038013145327568054,-0.07851824164390564,-0.13469785451889038,0.9877709746360779,1,0.04979223385453224,-0.014187841676175594,-0.03717399388551712,-0.07964371144771576,-0.21163421869277954,0.9740985035896301,1,0.05010613054037094,-0.08289292454719543,-0.03875236585736275,-0.07869191467761993,-0.0698799192905426,0.9944468140602112
P001,P001_S01,P001_S01_ST1TR_TR03_R01,TR03,R01,Gridworld_Requested_Voice,Study 1,Gridworld,Requested Feedback,Voice,1,1787856672.1468937,1787856673.1817048,2026-08-27T18:51:13.181705+00:00,1.034811019897461,548399.953,92,839032994465,1,1,0.049971938133239746,-0.051384422928094864,-0.03801640495657921,-0.079122394323349,-0.13525165617465973,0.9876471161842346,1,0.04979338124394417,-0.014200583100318909,-0.03715693950653076,-0.08080540597438812,-0.21229667961597443,0.9738585948944092,1,0.050101060420274734,-0.08290744572877884,-0.038765665143728256,-0.08006510138511658,-0.07087397575378418,0.9942668080329895
P001,P001_S01,P001_S01_ST1TR_TR03_R01,TR03,R01,Gridworld_Requested_Voice,Study 1,Gridworld,Requested Feedback,Voice,1,1787856672.1468937,1787856673.197599,2026-08-27T18:51:13.197599+00:00,1.0507051944732666,548399.968,93,839033105579,1,1,0.049968406558036804,-0.05119578167796135,-0.0380135141313076,-0.07891285419464111,-0.13573867082595825,0.9875969886779785,1,0.049798570573329926,-0.01420699991285801,-0.03715363144874573,-0.07910791784524918,-0.21289590001106262,0.9738671779632568,1,0.05010884255170822,-0.08290164172649384,-0.03875906392931938,-0.07818032801151276,-0.07007909566164017,0.9944730401039124
P001,P001_S01,P001_S01_ST1TR_TR03_R01,TR03,R01,Gridworld_Requested_Voice,Study 1,Gridworld,Requested Feedback,Voice,1,1787856672.1468937,1787856673.197599,2026-08-27T18:51:13.197599+00:00,1.0507051944732666,548399.968,94,839033216690,1,1,0.049965497106313705,-0.050994452089071274,-0.038010578602552414,-0.07895135879516602,-0.13632847368717194,0.9875127077102661,1,0.04979889467358589,-0.014216246083378792,-0.03714573010802269,-0.07957594841718674,-0.21348212659358978,0.973700761795044,1,0.05010800063610077,-0.08290353417396545,-0.0387619324028492,-0.07870279997587204,-0.06989800930023193,0.9944446086883545
P001,P001_S01,P001_S01_ST1TR_TR03_R01,TR03,R01,Gridworld_Requested_Voice,Study 1,Gridworld,Requested Feedback,Voice,1,1787856672.1468937,1787856673.2181063,2026-08-27T18:51:13.218106+00:00,1.0712125301361084,548399.984,95,839033327805,1,1,0.049963146448135376,-0.05083513259887695,-0.03800947219133377,-0.07884562760591507,-0.1368737369775772,0.9874458312988281,1,0.04979939013719559,-0.014214983209967613,-0.03714722767472267,-0.07919472455978394,-0.21324600279331207,0.9737834334373474,1,0.05010924115777016,-0.08292118459939957,-0.038775574415922165,-0.07832039147615433,-0.07179173082113266,0.9943399429321289
P001,P001_S01,P001_S01_ST1TR_TR03_R01,TR03,R01,Gridworld_Requested_Voice,Study 1,Gridworld,Requested Feedback,Voice,1,1787856672.1468937,1787856673.2191062,2026-08-27T18:51:13.219106+00:00,1.0722124576568604,548399.984,96,839033438918,1,1,0.049962226301431656,-0.050827909260988235,-0.03801072761416435,-0.07880619168281555,-0.13616794347763062,0.987546443939209,1,0.04979882761836052,-0.014219718053936958,-0.0371461920440197,-0.07928281277418137,-0.21394088864326477,0.9736238718032837,1,0.0501086488366127,-0.08292540907859802,-0.03877688944339752,-0.0784374549984932,-0.07242507487535477,0.9942848086357117
P001,P001_S01,P001_S01_ST1TR_TR03_R01,TR03,R01,Gridworld_Requested_Voice,Study 1,Gridworld,Requested Feedback,Voice,1,1787856672.1468937,1787856673.238108,2026-08-27T18:51:13.238108+00:00,1.0912141799926758,548400.0,97,839033550031,1,1,0.04996124655008316,-0.050707120448350906,-0.03800886869430542,-0.07868526130914688,-0.1372416764497757,0.9874075055122375,1,0.04979906603693962,-0.014212889596819878,-0.0371522530913353,-0.07897670567035675,-0.21344082057476044,0.9737585186958313,1,0.05011087656021118,-0.08292125910520554,-0.03877057880163193,-0.07811988145112991,-0.0721856877207756,0.9943271279335022
P001,P001_S01,P001_S01_ST1TR_TR03_R01,TR03,R01,Gridworld_Requested_Voice,Study 1,Gridworld,Requested Feedback,Voice,1,1787856672.1468937,1787856673.2593367,2026-08-27T18:51:13.259337+00:00,1.112442970275879,548400.031,98,839033661143,1,1,0.0499609112739563,-0.05074918270111084,-0.03801100328564644,-0.07917126268148422,-0.13632963597774506,0.9874948859214783,1,0.049792561680078506,-0.01420559361577034,-0.037152234464883804,-0.08064408600330353,-0.21192480623722076,0.9739530682563782,1,0.05010448023676872,-0.08291410654783249,-0.038775909692049026,-0.0797157809138298,-0.07073188573122025,0.9943050146102905
P001,P001_S01,P001_S01_ST1TR_TR03_R01,TR03,R01,Gridworld_Requested_Voice,Study 1,Gridworld,Requested Feedback,Voice,1,1787856672.1468937,1787856673.2593367,2026-08-27T18:51:13.259337+00:00,1.112442970275879,548400.031,99,839033772256,1,1,0.04996176064014435,-0.05093884468078613,-0.03801640123128891,-0.07935319095849991,-0.13632450997829437,0.9874809980392456,1,0.04979550838470459,-0.014207189902663231,-0.037149712443351746,-0.08013442158699036,-0.2120669037103653,0.9739640951156616,1,0.0501035638153553,-0.08291206508874893,-0.03877625614404678,-0.07931076735258102,-0.0704754889011383,0.9943555593490601
P001,P001_S01,P001_S01_ST1TR_TR03_R01,TR03,R01,Gridworld_Requested_Voice,Study 1,Gridworld,Requested Feedback,Voice,1,1787856672.1468937,1787856673.281927,2026-08-27T18:51:13.281927+00:00,1.135033369064331,548400.046,100,839033883370,1,1,0.04996351897716522,-0.05125973001122475,-0.03802529722452164,-0.0795336663722992,-0.13482064008712769,0.9876729846000671,1,0.04979561269283295,-0.014210902154445648,-0.03714596480131149,-0.08034156262874603,-0.21224546432495117,0.9739080667495728,1,0.05010219290852547,-0.08292412757873535,-0.03879348188638687,-0.07947837561368942,-0.07159648835659027,0.9942620396614075
P001,P001_S01,P001_S01_ST1TR_TR03_R01,TR03,R01,Gridworld_Requested_Voice,Study 1,Gridworld,Requested Feedback,Voice,1,1787856672.1468937,1787856673.2829282,2026-08-27T18:51:13.282928+00:00,1.1360344886779785,548400.046,101,839033994483,1,1,0.04996379464864731,-0.05112212151288986,-0.03802335262298584,-0.07878360152244568,-0.1363103687763214,0.9875286221504211,1,0.049805544316768646,-0.014209145680069923,-0.037143275141716,-0.07784298062324524,-0.21177396178245544,0.9742136597633362,1,0.05011145398020744,-0.08292698860168457,-0.03880585730075836,-0.07688990235328674,-0.0716935247182846,0.9944586753845215
P001,P001_S01,P001_S01_ST1TR_TR03_R01,TR03,R01,Gridworld_Requested_Voice,Study 1,Gridworld,Requested Feedback,Voice,1,1787856672.1468937,1787856673.2982125,2026-08-27T18:51:13.298213+00:00,1.1513187885284424,548400.062,102,839034105594,1,1,0.0499647855758667,-0.05111809819936752,-0.038024965673685074,-0.07838644832372665,-0.13635823130607605,0.987553596496582,1,0.04980332776904106,-0.014209681190550327,-0.03714141994714737,-0.07828890532255173,-0.21146418154239655,0.9742453098297119,1,0.05011135712265968,-0.08292241394519806,-0.038811683654785156,-0.07712649554014206,-0.0708855614066124,0.9944981932640076
P001,P001_S01,P001_S01_ST1TR_TR03_R01,TR03,R01,Gridworld_Requested_Voice,Study 1,Gridworld,Requested Feedback,Voice,1,1787856672.1468937,1787856673.298585,2026-08-27T18:51:13.298585+00:00,1.151691198348999,548400.062,103,839034217854,1,1,0.049964647740125656,-0.05113537237048149,-0.038027748465538025,-0.07888573408126831,-0.13611236214637756,0.9875478148460388,1,0.049799595028162,-0.014209015294909477,-0.037141554057598114,-0.08017336577177048,-0.21089980006217957,0.9742142558097839,1,0.05010395497083664,-0.08291701227426529,-0.03881468251347542,-0.07957259565591812,-0.06992800533771515,0.9943733811378479
P001,P001_S01,P001_S01_ST1TR_TR03_R01,TR03,R01,Gridworld_Requested_Voice,Study 1,Gridworld,Requested Feedback,Voice,1,1787856672.1468937,1787856673.3186886,2026-08-27T18:51:13.318689+00:00,1.1717948913574219,548400.093,104,839034372147,1,1,0.04996300861239433,-0.050997741520404816,-0.03802889958024025,-0.07899564504623413,-0.13643483817577362,0.9874944686889648,1,0.04978387802839279,-0.014186106622219086,-0.037203215062618256,-0.07979320734739304,-0.21016480028629303,0.9744042754173279,1,0.05010219290852547,-0.08287050575017929,-0.03879118710756302,-0.07857320457696915,-0.06623663753271103,0.9947054386138916
P001,P001_S01,P001_S01_ST1TR_TR03_R01,TR03,R01,Gridworld_Requested_Voice,Study 1,Gridworld,Requested Feedback,Voice,1,1787856672.1468937,1787856673.3406773,2026-08-27T18:51:13.340677+00:00,1.1937835216522217,548400.109,105,839034479310,1,1,0.049959056079387665,-0.050724998116493225,-0.03803231567144394,-0.07968505471944809,-0.1375313401222229,0.9872869849205017,1,0.049777720123529434,-0.014176402240991592,-0.03725133463740349,-0.08135225623846054,-0.20761047303676605,0.9748228788375854,1,0.05007600411772728,-0.08291137963533401,-0.038867730647325516,-0.08049574494361877,-0.06922838091850281,0.9943479299545288
P001,P001_S01,P001_S01_ST1TR_TR03_R01,TR03,R01,Gridworld_Requested_Voice,Study 1,Gridworld,Requested Feedback,Voice,1,1787856672.1468937,1787856673.3406773,2026-08-27T18:51:13.340677+00:00,1.1937835216522217,548400.109,106,839034589794,1,1,0.04995465651154518,-0.05052503943443298,-0.03804392367601395,-0.08134669810533524,-0.13804633915424347,0.9870796203613281,1,0.04978141188621521,-0.014247342012822628,-0.03718537092208862,-0.08494014292955399,-0.21259668469429016,0.9734412431716919,1,0.05005829781293869,-0.08297134935855865,-0.039053287357091904,-0.08375434577465057,-0.07297396659851074,0.9938108921051025
P001,P001_S01,P001_S01_ST1TR_TR03_R01,TR03,R01,Gridworld_Requested_Voice,Study 1,Gridworld,Requested Feedback,Voice,1,1787856672.1468937,1787856673.355259,2026-08-27T18:51:13.355259+00:00,1.2083652019500732,548400.125,107,839034700907,1,0,0.0,0.0,0.0,0.0,0.0,0.0,1,0.04968065395951271,-0.014106218703091145,-0.0374242402613163,-0.08741028606891632,-0.20477601885795593,0.9748979806900024,1,0.0500517338514328,-0.08277610689401627,-0.03895626962184906,-0.08651351928710938,-0.05808081105351448,0.9945562481880188
P001,P001_S01,P001_S01_ST1TR_TR03_R01,TR03,R01,Gridworld_Requested_Voice,Study 1,Gridworld,Requested Feedback,Voice,1,1787856672.1468937,1787856673.3732493,2026-08-27T18:51:13.373249+00:00,1.2263555526733398,548400.14,108,839034812021,1,1,0.04993424564599991,-0.050410445779561996,-0.038085997104644775,-0.0788508951663971,-0.13857173919677734,0.9872084259986877,1,0.04959629476070404,-0.014044287614524364,-0.037621915340423584,-0.07453851401805878,-0.20354482531547546,0.9762241244316101,1,0.04991483688354492,-0.08289489895105362,-0.03919265791773796,-0.07347428053617477,-0.07748968154191971,0.9942821264266968
P001,P001_S01,P001_S01_ST1TR_TR03_R01,TR03,R01,Gridworld_Requested_Voice,Study 1,Gridworld,Requested Feedback,Voice,1,1787856672.1468937,1787856673.3907597,2026-08-27T18:51:13.390760+00:00,1.243865966796875,548400.156,109,839034923134,1,0,0.0,0.0,0.0,0.0,0.0,0.0,1,0.04949057102203369,-0.013986067846417427,-0.03776148706674576,-0.09182056784629822,-0.2047799825668335,0.9744917154312134,1,0.049844179302453995,-0.08289195597171783,-0.039156198501586914,-0.09128787368535995,-0.08436740934848785,0.992244303226471
P001,P001_S01,P001_S01_ST1TR_TR03_R01,TR03,R01,Gridworld_Requested_Voice,Study 1,Gridworld,Requested Feedback,Voice,1,1787856672.1468937,1787856673.3907597,2026-08-27T18:51:13.390760+00:00,1.243865966796875,548400.156,110,839035034247,1,0,0.0,0.0,0.0,0.0,0.0,0.0,1,0.049499742686748505,-0.014031677506864071,-0.03771054744720459,-0.08736790716648102,-0.21062621474266052,0.9736546874046326,1,0.04980875551700592,-0.08290600776672363,-0.03905642777681351,-0.08679913729429245,-0.08656113594770432,0.9924581050872803
P001,P001_S01,P001_S01_ST1TR_TR03_R01,TR03,R01,Gridworld_Requested_Voice,Study 1,Gridworld,Requested Feedback,Voice,1,1787856672.1468937,1787856673.3917592,2026-08-27T18:51:13.391759+00:00,1.2448654174804688,548400.156,111,839035145360,1,1,0.049906931817531586,-0.05025441199541092,-0.03811652585864067,-0.08225184679031372,-0.13869722187519073,0.9869133234024048,1,0.0495368167757988,-0.014040793292224407,-0.037521444261074066,-0.08893955498933792,-0.2037343829870224,0.9749780297279358,1,0.049828432500362396,-0.08291789889335632,-0.03909015655517578,-0.08821804076433182,-0.08002497255802155,0.9928814768791199
P001,P001_S01,P001_S01_ST1TR_TR03_R01,TR03,R01,Gridworld_Requested_Voice,Study 1,Gridworld,Requested Feedback,Voice,1,1787856672.1468937,1787856673.4187582,2026-08-27T18:51:13.418758+00:00,1.271864414215088,548400.187,112,839035256473,1,1,0.0498812235891819,-0.049985356628894806,-0.038136232644319534,-0.08469048142433167,-0.13763782382011414,0.9868553876876831,1,0.049587007611989975,-0.014018134213984013,-0.03740842267870903,-0.08923318237066269,-0.1970798373222351,0.9763181209564209,1,0.04982060194015503,-0.08288811147212982,-0.03903404250741005,-0.08853664249181747,-0.07301359623670578,0.9933933019638062
P001,P001_S01,P001_S01_ST1TR_TR03_R01,TR03,R01,Gridworld_Requested_Voice,Study 1,Gridworld,Requested Feedback,Voice,1,1787856672.1468937,1787856673.4207582,2026-08-27T18:51:13.420758+00:00,1.273864507675171,548400.187,113,839035367586,1,1,0.04985874146223068,-0.04900138080120087,-0.038135599344968796,-0.08440591394901276,-0.14246918261051178,0.9861938953399658,1,0.04962936416268349,-0.014018837362527847,-0.03741954639554024,-0.0837751030921936,-0.2046443074941635,0.9752448797225952,1,0.049900252372026443,-0.08288498222827911,-0.038957178592681885,-0.08274777233600616,-0.08006498217582703,0.9933490753173828
P001,P001_S01,P001_S01_ST1TR_TR03_R01,TR03,R01,Gridworld_Requested_Voice,Study 1,Gridworld,Requested Feedback,Voice,1,1787856672.1468937,1787856673.4492586,2026-08-27T18:51:13.449259+00:00,1.3023648262023926,548400.218,114,839035478699,1,1,0.049843642860651016,-0.04887867718935013,-0.03815162181854248,-0.08617512881755829,-0.1424231231212616,0.9860475063323975,1,0.04966434836387634,-0.014100994914770126,-0.03729483485221863,-0.08920726180076599,-0.20500648021697998,0.9746868014335632,1,0.04996122419834137,-0.08294615149497986,-0.03903206065297127,-0.0886911079287529,-0.0785679742693901,0.9929556250572205
P001,P001_S01,P001_S01_ST1TR_TR03_R01,TR03,R01,Gridworld_Requested_Voice,Study 1,Gridworld,Requested Feedback,Voice,1,1787856672.1468937,1787856673.4542592,2026-08-27T18:51:13.454259+00:00,1.3073654174804688,548400.218,115,839035589811,1,0,0.0,0.0,0.0,0.0,0.0,0.0,1,0.04969064146280289,-0.014168057590723038,-0.03720621019601822,-0.095758818089962,-0.2072777897119522,0.9735841155052185,1,0.049975115805864334,-0.08298095315694809,-0.039044350385665894,-0.09477545320987701,-0.07704845070838928,0.992512583732605
P001,P001_S01,P001_S01_ST1TR_TR03_R01,TR03,R01,Gridworld_Requested_Voice,Study 1,Gridworld,Requested Feedback,Voice,1,1787856672.1468937,1787856673.4542592,2026-08-27T18:51:13.454259+00:00,1.3073654174804688,548400.218,116,839035700925,1,1,0.04983225837349892,-0.04878230392932892,-0.03816414251923561,-0.08859667181968689,-0.14177855849266052,0.9859257340431213,1,0.049708474427461624,-0.01416796538978815,-0.037204984575510025,-0.09288037568330765,-0.2071571946144104,0.9738886952400208,1,0.049988359212875366,-0.08298656344413757,-0.03903976455330849,-0.09198933839797974,-0.07778576016426086,0.9927172064781189
P001,P001_S01,P001_S01_ST1TR_TR03_R01,TR03,R01,Gridworld_Requested_Voice,Study 1,Gridworld,Requested Feedback,Voice,1,1787856672.1468937,1787856673.4679167,2026-08-27T18:51:13.467917+00:00,1.3210229873657227,548400.234,117,839035812037,1,1,0.04982434958219528,-0.04865705966949463,-0.03817443549633026,-0.08766553550958633,-0.14157165586948395,0.9860386848449707,1,0.04973597824573517,-0.014165827073156834,-0.03722134605050087,-0.08555750548839569,-0.20829178392887115,0.9743174314498901,1,0.05002108961343765,-0.08296637237071991,-0.038998741656541824,-0.08461247384548187,-0.07706985622644424,0.9934288859367371
P001,P001_S01,P001_S01_ST1TR_TR03_R01,TR03,R01,Gridworld_Requested_Voice,Study 1,Gridworld,Requested Feedback,Voice,1,1787856672.1468937,1787856673.4679167,2026-08-27T18:51:13.467917+00:00,1.3210229873657227,548400.234,118,839035923149,1,0,0.0,0.0,0.0,0.0,0.0,0.0,1,0.04975171759724617,-0.01415953878313303,-0.03720740228891373,-0.08417738974094391,-0.20795898139476776,0.9745087027549744,1,0.050022855401039124,-0.08291084319353104,-0.03891469165682793,-0.08302047103643417,-0.07120607048273087,0.9940006136894226
P001,P001_S01,P001_S01_ST1TR_TR03_R01,TR03,R01,Gridworld_Requested_Voice,Study 1,Gridworld,Requested Feedback,Voice,1,1787856672.1468937,1787856673.488068,2026-08-27T18:51:13.488068+00:00,1.3411743640899658,548400.25,119,839036034261,1,1,0.0498201809823513,-0.048967376351356506,-0.038188520818948746,-0.08542495220899582,-0.13882993161678314,0.9866250157356262,1,0.04975338280200958,-0.014167149551212788,-0.03721777722239494,-0.08119004219770432,-0.20833386480808258,0.9746820330619812,1,0.05002566799521446,-0.08292774111032486,-0.03890538960695267,-0.07996883988380432,-0.07252795994281769,0.9941552877426147
P001,P001_S01,P001_S01_ST1TR_TR03_R01,TR03,R01,Gridworld_Requested_Voice,Study 1,Gridworld,Requested Feedback,Voice,1,1787856672.1468937,1787856673.4890683,2026-08-27T18:51:13.489068+00:00,1.3421745300292969,548400.25,120,839036145375,1,1,0.049817733466625214,-0.04908851534128189,-0.03818989545106888,-0.0828094482421875,-0.1393364667892456,0.9867766499519348,1,0.04975881427526474,-0.014175303280353546,-0.03720717132091522,-0.07804611325263977,-0.2100212275981903,0.9745768308639526,1,0.05003582313656807,-0.08291959017515182,-0.038881488144397736,-0.0768585279583931,-0.07261427491903305,0.9943943023681641
P001,P001_S01,P001_S01_ST1TR_TR03_R01,TR03,R01,Gridworld_Requested_Voice,Study 1,Gridworld,Requested Feedback,Voice,1,1787856672.1468937,1787856673.5103064,2026-08-27T18:51:13.510306+00:00,1.363412618637085,548400.281,121,839036256488,1,1,0.04981512948870659,-0.0492703840136528,-0.03818665072321892,-0.08193587511777878,-0.13781368732452393,0.9870634078979492,1,0.04974910616874695,-0.01418295782059431,-0.03719799220561981,-0.08067120611667633,-0.21007193624973297,0.9743520021438599,1,0.05002376809716225,-0.08294112235307693,-0.03889342024922371,-0.07957613468170166,-0.07433690130710602,0.9940532445907593
P001,P001_S01,P001_S01_ST1TR_TR03_R01,TR03,R01,Gridworld_Requested_Voice,Study 1,Gridworld,Requested Feedback,Voice,1,1787856672.1468937,1787856673.529143,2026-08-27T18:51:13.529143+00:00,1.382249355316162,548400.296,122,839036367600,1,1,0.04982725903391838,-0.048994846642017365,-0.03814209997653961,-0.08107233047485352,-0.14035817980766296,0.9867761135101318,1,0.04975040256977081,-0.014192993752658367,-0.03717561066150665,-0.079884372651577,-0.2087278962135315,0.9747055768966675,1,0.0500270240008831,-0.08294469863176346,-0.038887713104486465,-0.07863292843103409,-0.07215803116559982,0.9942887425422668
P001,P001_S01,P001_S01_ST1TR_TR03_R01,TR03,R01,Gridworld_Requested_Voice,Study 1,Gridworld,Requested Feedback,Voice,1,1787856672.1468937,1787856673.5307453,2026-08-27T18:51:13.530745+00:00,1.3838515281677246,548400.296,123,839036478713,1,1,0.04984549432992935,-0.0485721193253994,-0.03810308501124382,-0.08085678517818451,-0.14205339550971985,0.9865511655807495,1,0.04974376782774925,-0.014226334169507027,-0.03712298721075058,-0.08086708188056946,-0.2078179270029068,0.9748190641403198,1,0.050022024661302567,-0.08297702670097351,-0.038924362510442734,-0.07978270947933197,-0.071421317756176,0.9942503571510315
P001,P001_S01,P001_S01_ST1TR_TR03_R01,TR03,R01,Gridworld_Requested_Voice,Study 1,Gridworld,Requested Feedback,Voice,1,1787856672.1468937,1787856673.5484362,2026-08-27T18:51:13.548436+00:00,1.4015424251556396,548400.312,124,839036589826,1,1,0.0498642735183239,-0.048774149268865585,-0.03808879479765892,-0.08067278563976288,-0.1408412754535675,0.9867399334907532,1,0.04974392428994179,-0.014227202162146568,-0.03712829202413559,-0.08065905421972275,-0.208732008934021,0.974640965461731,1,0.050024379044771194,-0.08298864215612411,-0.03893185779452324,-0.07989548146724701,-0.07374382019042969,0.9940717220306396
P001,P001_S01,P001_S01_ST1TR_TR03_R01,TR03,R01,Gridworld_Requested_Voice,Study 1,Gridworld,Requested Feedback,Voice,1,1787856672.1468937,1787856673.5484362,2026-08-27T18:51:13.548436+00:00,1.4015424251556396,548400.312,125,839036700939,1,1,0.049877528101205826,-0.0491214245557785,-0.03807881474494934,-0.08033418655395508,-0.14230263233184814,0.9865579605102539,1,0.04974324256181717,-0.014240655116736889,-0.037110909819602966,-0.08011078834533691,-0.20919741690158844,0.9745864272117615,1,0.050026003271341324,-0.08299600332975388,-0.03893227502703667,-0.0791306272149086,-0.07346639037132263,0.9941534399986267
P001,P001_S01,P001_S01_ST1TR_TR03_R01,TR03,R01,Gridworld_Requested_Voice,Study 1,Gridworld,Requested Feedback,Voice,1,1787856672.1468937,1787856673.567849,2026-08-27T18:51:13.567849+00:00,1.4209551811218262,548400.343,126,839036812052,1,1,0.04988574609160423,-0.049423325806856155,-0.03807246312499046,-0.08048193156719208,-0.14061327278614044,0.9867880940437317,1,0.049740683287382126,-0.014250077307224274,-0.03710456192493439,-0.08117172867059708,-0.21005435287952423,0.974314272403717,1,0.05002517253160477,-0.08301296085119247,-0.03893982991576195,-0.08034070581197739,-0.07527293264865875,0.9939212203025818
P001,P001_S01,P001_S01_ST1TR_TR03_R01,TR03,R01,Gridworld_Requested_Voice,Study 1,Gridworld,Requested Feedback,Voice,1,1787856672.1468937,1787856673.567849,2026-08-27T18:51:13.567849+00:00,1.4209551811218262,548400.343,127,839036923165,1,1,0.04988774657249451,-0.049000926315784454,-0.03805024176836014,-0.08025127649307251,-0.14318399131298065,0.9864371418952942,1,0.04974573105573654,-0.014248707331717014,-0.03711024299263954,-0.0801101103425026,-0.20988547801971436,0.9744385480880737,1,0.05002588778734207,-0.08299796283245087,-0.038915421813726425,-0.07935110479593277,-0.07344891130924225,0.994137167930603
P001,P001_S01,P001_S01_ST1TR_TR03_R01,TR03,R01,Gridworld_Requested_Voice,Study 1,Gridworld,Requested Feedback,Voice,1,1787856672.1468937,1787856673.5833995,2026-08-27T18:51:13.583400+00:00,1.4365057945251465,548400.359,128,839037034278,1,1,0.049888726323843,-0.04912819713354111,-0.03804356977343559,-0.08063049614429474,-0.14148789644241333,0.9866508841514587,1,0.04973961412906647,-0.01425210852175951,-0.037113625556230545,-0.08165459334850311,-0.21063533425331116,0.9741484522819519,1,0.05002688243985176,-0.08299686014652252,-0.038908950984478,-0.080961674451828,-0.07379232347011566,0.9939818978309631
P001,P001_S01,P001_S01_ST1TR_TR03_R01,TR03,R01,Gridworld_Requested_Voice,Study 1,Gridworld,Requested Feedback,Voice,1,1787856672.1468937,1787856673.6008458,2026-08-27T18:51:13.600846+00:00,1.4539520740509033,548400.375,129,839037145391,1,1,0.04988570511341095,-0.04860948398709297,-0.03802517428994179,-0.08099325001239777,-0.14309075474739075,0.9863900542259216,1,0.04973705857992172,-0.014257588423788548,-0.03711399808526039,-0.08196375519037247,-0.21074332296848297,0.9740991592407227,1,0.05002395808696747,-0.08300360292196274,-0.038904909044504166,-0.08114548027515411,-0.07392740249633789,0.9939568638801575
P001,P001_S01,P001_S01_ST1TR_TR03_R01,TR03,R01,Gridworld_Requested_Voice,Study 1,Gridworld,Requested Feedback,Voice,1,1787856672.1468937,1787856673.6008458,2026-08-27T18:51:13.600846+00:00,1.4539520740509033,548400.375,130,839037256504,1,1,0.04988551512360573,-0.04893900081515312,-0.03803054988384247,-0.08148707449436188,-0.14118623733520508,0.9866237044334412,1,0.04973834753036499,-0.014265289530158043,-0.037116747349500656,-0.0826132670044899,-0.21264763176441193,0.9736302495002747,1,0.050025589764118195,-0.0830179750919342,-0.03891030326485634,-0.08200439810752869,-0.07667726278305054,0.9936779737472534
P001,P001_S01,P001_S01_ST1TR_TR03_R01,TR03,R01,Gridworld_Requested_Voice,Study 1,Gridworld,Requested Feedback,Voice,1,1787856672.1468937,1787856673.6193643,2026-08-27T18:51:13.619364+00:00,1.4724705219268799,548400.39,131,839037367617,1,1,0.04988352209329605,-0.0484679713845253,-0.03801550716161728,-0.08156029134988785,-0.1436809003353119,0.9862575531005859,1,0.049742504954338074,-0.014274063520133495,-0.037116970866918564,-0.08186689019203186,-0.21349701285362244,0.9735074639320374,1,0.05002918466925621,-0.0830344408750534,-0.038913432508707047,-0.08115026354789734,-0.078313447535038,0.9936204552650452
P001,P001_S01,P001_S01_ST1TR_TR03_R01,TR03,R01,Gridworld_Requested_Voice,Study 1,Gridworld,Requested Feedback,Voice,1,1787856672.1468937,1787856673.6384685,2026-08-27T18:51:13.638469+00:00,1.491574764251709,548400.406,132,839037478730,1,1,0.04988507926464081,-0.048827655613422394,-0.03802257031202316,-0.08175209164619446,-0.1441279947757721,0.9861764311790466,1,0.04974030703306198,-0.01428017858415842,-0.037124231457710266,-0.08234360069036484,-0.2146354615688324,0.9732168912887573,1,0.050039224326610565,-0.08303502947092056,-0.03890310227870941,-0.08153120428323746,-0.07894209027290344,0.993539571762085
P001,P001_S01,P001_S01_ST1TR_TR03_R01,TR03,R01,Gridworld_Requested_Voice,Study 1,Gridworld,Requested Feedback,Voice,1,1787856672.1468937,1787856673.6384685,2026-08-27T18:51:13.638469+00:00,1.491574764251709,548400.406,133,839037589843,1,1,0.04988555982708931,-0.04885989427566528,-0.03802134096622467,-0.08219259232282639,-0.146917924284935,0.9857279658317566,1,0.04973917827010155,-0.01429851446300745,-0.03710883483290672,-0.08314084261655807,-0.21500743925571442,0.973067045211792,1,0.05003545433282852,-0.08304605633020401,-0.03890003263950348,-0.08241181075572968,-0.07843656092882156,0.993506908416748
