timestamp_utc_ns,monotonic_ns,trial_id,request_id,action,modality,source_detail
1787856840277559600,548567046000000,P001_S01_ST1ST_T01_R02,75cd6654-066b-4b3a-a6b0-7aaba6e0f5cd,3,Keyboard,keyboard
1787856841118429500,548567890000000,P001_S01_ST1ST_T01_R02,ff12db56-55d5-4786-9f0a-0cf2aedad7dd,5,Keyboard,keyboard
1787856842167636000,548568937000000,P001_S01_ST1ST_T01_R02,08268db2-4f7d-45d1-9b4a-05f521da1b3a,5,Keyboard,keyboard
1787856842971504400,548569734000000,P001_S01_ST1ST_T01_R02,55b5e48e-d81f-4ce9-91e5-ec0e13d2c450,5,Keyboard,keyboard
1787856843737085800,548570500000000,P001_S01_ST1ST_T01_R02,6bb3edb6-3b9e-4a46-9acd-45b75ab4338f,5,Keyboard,keyboard
1787856844474125600,548571250000000,P001_S01_ST1ST_T01_R02,fa431dd4-afdf-4648-84f7-425eab5efb23,5,Keyboard,keyboard
1787856845182820700,548571953000000,P001_S01_ST1ST_T01_R02,84a7bbbf-b7b7-485c-b4dc-85ed2c5aa1cd,5,Keyboard,keyboard
1787856845849285700,548572625000000,P001_S01_ST1ST_T01_R02,90adaeca-ee98-4977-a8a2-1ed1ab1efcc9,3,Keyboard,keyboard
1787856846511589300,548573281000000,P001_S01_ST1ST_T01_R02,f0b0cc1e-c916-4a49-a747-b49ee395ea81,3,Keyboard,keyboard
1787856847240273500,548574015000000,P001_S01_ST1ST_T01_R02,301e24c5-75f8-4a6b-a459-1fc313462d83,3,Keyboard,keyboard
1787856851147162300,548577921000000,P001_S01_ST1ST_T01_R02,4bca4215-676c-4757-9035-3f4c3a195cc7,3,Keyboard,keyboard
1787856851578241000,548578343000000,P001_S01_ST1ST_T01_R02,792b8409-95e0-4f8c-ac19-a95f935dffc0,3,Keyboard,keyboard
1787856852075084300,548578843000000,P001_S01_ST1ST_T01_R02,f8017f18-a777-4e14-a965-e1282eb6939c,3,Keyboard,keyboard
1787856852553747600,548579328000000,P001_S01_ST1ST_T01_R02,ddffac24-05e6-4e27-9721-4288dc59e3a8,3,Keyboard,keyboard
1787856853019907700,548579796000000,P001_S01_ST1ST_T01_R02,3898baa8-7966-40e8-85b2-5b625d4ad5e9,3,Keyboard,keyboard
1787856853743182400,548580515000000,P001_S01_ST1ST_T01_R02,4b023c52-375b-4577-8ad0-2c71456da2f3,3,Keyboard,keyboard
1787856854292462600,548581062000000,P001_S01_ST1ST_T01_R02,0e0ad41c-c88a-4447-8b1e-ee00810f5934,3,Keyboard,keyboard
1787856854894293800,548581656000000,P001_S01_ST1ST_T01_R02,e1cc79b8-2bde-4d91-9137-02c22571b5fc,3,Keyboard,keyboard
1787856855531504400,548582296000000,P001_S01_ST1ST_T01_R02,b4b3ed3a-e0d9-4fc3-98d9-f763f7a66351,3,Keyboard,keyboard
1787856856108403100,548582875000000,P001_S01_ST1ST_T01_R02,ba2bd759-8db3-44ee-ac2a-316574745377,3,Keyboard,keyboard
1787856858391505100,548585156000000,P001_S01_ST1ST_T01_R02,4bbe573a-a923-4692-a45d-2b871c6ee8b7,3,Keyboard,keyboard
1787856859063513600,548585828000000,P001_S01_ST1ST_T01_R02,e7dd6507-f252-4638-a192-510ee57e5e6e,1,Keyboard,keyboard
1787856859805350900,548586578000000,P001_S01_ST1ST_T01_R02,1faba32f-8a80-4409-99d2-3cdef660e889,1,Keyboard,keyboard
1787856860520739900,548587296000000,P001_S01_ST1ST_T01_R02,defaab0a-ab94-41c9-b6e0-21aac2098472,3,Keyboard,keyboard
1787856861141710300,548587906000000,P001_S01_ST1ST_T01_R02,85a8a485-3e93-4a49-a34e-92553068176d,5,Keyboard,keyboard
1787856861778505700,548588546000000,P001_S01_ST1ST_T01_R02,e2c96872-4b9a-46b2-b22a-4fa40c9e25ea,3,Keyboard,keyboard
1787856862410963300,548589187000000,P001_S01_ST1ST_T01_R02,76dd083b-531c-46aa-a9b4-c67281d27b2c,3,Keyboard,keyboard
1787856863009735400,548589781000000,P001_S01_ST1ST_T01_R02,bb689019-54b9-45ac-b0bb-048b8d482969,1,Keyboard,keyboard
1787856863773554400,548590546000000,P001_S01_ST1ST_T01_R02,2aafdb08-0cbd-41f1-99ee-c440b03839a8,3,Keyboard,keyboard
1787856864424505300,548591187000000,P001_S01_ST1ST_T01_R02,ca75abe0-87ea-4a46-8917-cd0db58cf59b,1,Keyboard,keyboard
1787856865740557100,548592515000000,P001_S01_ST1ST_T01_R02,6aaca596-da9b-47f9-8b1f-90afc958667e,3,Keyboard,keyboard
1787856866403846500,548593171000000,P001_S01_ST1ST_T01_R02,4d1a0c94-fdfb-4417-8bd3-5b6e2c474407,5,Keyboard,keyboard
1787856867035504700,548593812000000,P001_S01_ST1ST_T01_R02,e06d1508-e601-436d-b820-337e5e763d6b,5,Keyboard,keyboard
1787856867530880300,548594296000000,P001_S01_ST1ST_T01_R02,a2c38198-8d62-41c6-b93a-a3077df0d6dd,3,Keyboard,keyboard
1787856868066370700,548594843000000,P001_S01_ST1ST_T01_R02,1401c922-a84b-417b-b530-1d7135117924,3,Keyboard,keyboard
1787856868689505100,548595453000000,P001_S01_ST1ST_T01_R02,b15b390f-e7af-4a7f-b9aa-5cc0e27aba53,3,Keyboard,keyboard
1787856869415365100,548596187000000,P001_S01_ST1ST_T01_R02,54ae63d9-d5d8-45fe-ba78-8a5582d1aec4,3,Keyboard,keyboard
1787856870569442600,548597343000000,P001_S01_ST1ST_T01_R02,edbf3b42-5d4a-4a40-84d5-95720c908d54,1,Keyboard,keyboard
1787856871548998500,548598312000000,P001_S01_ST1ST_T01_R02,bf4fb552-4b3b-4c73-a4cc-a1040bbf8bae,0,Keyboard,keyboard
1787856872023504700,548598796000000,P001_S01_ST1ST_T01_R02,e549974f-1dc1-48fc-975f-02e01c77d7ae,0,Keyboard,keyboard
1787856873984604800,548600750000000,P001_S01_ST1ST_T01_R02,c5e9f4f7-fc94-42d9-918c-7d8ac5d1c788,1,Keyboard,keyboard
1787856875546103500,548602312000000,P001_S01_ST1ST_T01_R02,902dc2bf-85d9-413c-a492-37ffe40e5f7c,0,Keyboard,keyboard
1787856875999549900,548602765000000,P001_S01_ST1ST_T01_R02,b4882cc3-d786-4261-8a25-8cb27906c36b,0,Keyboard,keyboard
1787856876449512200,548603218000000,P001_S01_ST1ST_T01_R02,44d67d85-6bab-425b-acdd-ee199a03b820,0,Keyboard,keyboard
1787856877041504500,548603812000000,P001_S01_ST1ST_T01_R02,1e30888f-648a-474e-8bf5-e5f28b4aec36,0,Keyboard,keyboard
1787856877919689100,548604687000000,P001_S01_ST1ST_T01_R02,c1488891-7aa0-4ea2-968f-8fa12bfd673a,0,Keyboard,keyboard
1787856878847640100,548605625000000,P001_S01_ST1ST_T01_R02,ec67613b-1721-4f66-9d40-cc119d4cc23b,0,Keyboard,keyboard
1787856880215584300,548606984000000,P001_S01_ST1ST_T01_R02,9c6bc737-6c85-4883-9201-81d3df8e9544,4,Keyboard,keyboard
1787856880835723400,548607609000000,P001_S01_ST1ST_T01_R02,12f452ef-c787-47e9-87e6-9da2c6d3054f,4,Keyboard,keyboard
1787856881469146200,548608234000000,P001_S01_ST1ST_T01_R02,bb762254-d74e-41fe-850d-e77466a448bf,4,Keyboard,keyboard
1787856883092243500,548609859000000,P001_S01_ST1ST_T01_R02,376d0778-4e7e-40af-8a44-dae2c93e9791,3,Keyboard,keyboard
1787856883574179800,548610343000000,P001_S01_ST1ST_T01_R02,42907fe6-cc9d-42ac-92fc-4be4dd17c4ca,5,Keyboard,keyboard
1787856884142856300,548610906000000,P001_S01_ST1ST_T01_R02,d3dc904d-d885-423d-afae-1c277a2313e5,5,Keyboard,keyboard
1787856884789680800,548611562000000,P001_S01_ST1ST_T01_R02,965bdcdb-d85f-48fe-ab98-23dd7375b412,5,Keyboard,keyboard
1787856885289359200,548612062000000,P001_S01_ST1ST_T01_R02,5ce5140f-8573-40b4-a541-45c44781b5f1,3,Keyboard,keyboard
1787856885793302200,548612562000000,P001_S01_ST1ST_T01_R02,400c0aac-4133-49a7-b13c-b15ad7abb867,3,Keyboard,keyboard
1787856886291131000,548613062000000,P001_S01_ST1ST_T01_R02,4aa88f8a-e838-4832-84d0-f4b46f8890a4,3,Keyboard,keyboard
1787856886797443500,548613562000000,P001_S01_ST1ST_T01_R02,c466814e-62ec-46db-982b-b99d22a9d922,3,Keyboard,keyboard
1787856887507253200,548614281000000,P001_S01_ST1ST_T01_R02,ea946772-01c0-4bcc-8526-f004aea37b4e,3,Keyboard,keyboard
1787856888086989600,548614859000000,P001_S01_ST1ST_T01_R02,893e8078-c48e-4c00-8bb3-b263cba5eadb,3,Keyboard,keyboard
1787856890195963600,548616968000000,P001_S01_ST1ST_T01_R02,27542dc6-e824-4ae6-b7ad-043a9a300ac8,0,Keyboard,keyboard
1787856890755810500,548617531000000,P001_S01_ST1ST_T01_R02,27cd2e0b-7019-4638-90b6-c1b15078e6a4,0,Keyboard,keyboard
1787856891285063800,548618062000000,P001_S01_ST1ST_T01_R02,8b080042-2b26-4403-bfef-735d73471e79,0,Keyboard,keyboard
1787856891830951800,548618593000000,P001_S01_ST1ST_T01_R02,842aad97-a2d0-4dda-b908-10f2729a204b,0,Keyboard,keyboard
1787856892899878900,548619671000000,P001_S01_ST1ST_T01_R02,29036d99-7d66-4e36-823b-f2aede937ad8,3,Keyboard,keyboard
1787856893394217900,548620156000000,P001_S01_ST1ST_T01_R02,576bc139-432f-4ba1-bcfc-3f7cdc937a1c,3,Keyboard,keyboard
1787856894050993800,548620828000000,P001_S01_ST1ST_T01_R02,8ba838ea-bb32-462e-b262-a35a740b3e58,1,Keyboard,keyboard
1787856894776943100,548621546000000,P001_S01_ST1ST_T01_R02,9267235a-bd25-4aa6-af35-1ebb6c7c43c9,3,Keyboard,keyboard
1787856895295074700,548622062000000,P001_S01_ST1ST_T01_R02,9f2e8cb1-4146-4ab5-940c-186abe642d51,3,Keyboard,keyboard
1787856895872256700,548622640000000,P001_S01_ST1ST_T01_R02,0dc8f37d-4256-4312-8d33-9eb4844cbc8a,3,Keyboard,keyboard
1787856898460896600,548625234000000,P001_S01_ST1ST_T01_R02,c8840369-601f-4212-8635-bf371320f388,6,Keyboard,keyboard
1787856899376388900,548626140000000,P001_S01_ST1ST_T01_R02,f0564c75-cd84-49eb-87c1-b752ccc19e5b,3,Keyboard,keyboard
1787856900080723700,548626843000000,P001_S01_ST1ST_T01_R02,3049803d-6dc0-456f-898a-0f3cccd22ae8,3,Keyboard,keyboard
1787856900703084700,548627468000000,P001_S01_ST1ST_T01_R02,602f2e3f-169e-45de-aff2-491473369136,5,Keyboard,keyboard
1787856901360049700,548628125000000,P001_S01_ST1ST_T01_R02,3cc0fe0c-d57c-4e72-8270-40facf97878b,3,Keyboard,keyboard
1787856901930475500,548628703000000,P001_S01_ST1ST_T01_R02,cf3d53e5-2fa6-432a-89ac-bb4b65bc157f,5,Keyboard,keyboard
1787856902597229200,548629359000000,P001_S01_ST1ST_T01_R02,ab9477d1-fb45-47c1-929a-917c333bf305,3,Keyboard,keyboard
1787856903389227600,548630156000000,P001_S01_ST1ST_T01_R02,09377fa5-2db1-4128-ba6d-a09d2f4af7a5,3,Keyboard,keyboard
1787856904045481900,548630812000000,P001_S01_ST1ST_T01_R02,76d9adcf-1d7d-4b8b-a550-d6562ea733c8,3,Keyboard,keyboard
1787856905072583000,548631843000000,P001_S01_ST1ST_T01_R02,38c188f2-48c0-4ea1-9d11-6a2a058e66e2,5,Keyboard,keyboard
1787856906518002900,548633281000000,P001_S01_ST1ST_T01_R02,f2052714-2720-4475-9183-085608010a3f,3,Keyboard,keyboard
1787856907020563100,548633796000000,P001_S01_ST1ST_T01_R02,44053e85-2b4b-4366-8b35-df49bc3d8d0a,5,Keyboard,keyboard
1787856907832976900,548634609000000,P001_S01_ST1ST_T01_R02,00d881a5-645e-45ee-b4c0-4f6dec6bd019,5,Keyboard,keyboard
1787856908408751900,548635171000000,P001_S01_ST1ST_T01_R02,2afce462-8b0b-4c7e-b2dc-e593e9b68b49,5,Keyboard,keyboard
1787856909156502100,548635921000000,P001_S01_ST1ST_T01_R02,e40abbb7-7b1a-4a34-8324-3c002982b752,3,Keyboard,keyboard
1787856909670464000,548636437000000,P001_S01_ST1ST_T01_R02,a2dcefbb-4cf8-4eaf-a88f-346e5d8706b0,3,Keyboard,keyboard
1787856910210175100,548636984000000,P001_S01_ST1ST_T01_R02,0c328ce7-5e08-453d-8d87-c56aede34d70,3,Keyboard,keyboard
1787856910841801300,548637609000000,P001_S01_ST1ST_T01_R02,3b2981fd-7102-4b81-a29e-b74035dabf71,3,Keyboard,keyboard
1787856911545602000,548638312000000,P001_S01_ST1ST_T01_R02,512fe80e-546e-4edc-b3e5-0f9605f1e91a,3,Keyboard,keyboard
1787856912087432800,548638859000000,P001_S01_ST1ST_T01_R02,16b4237d-03c7-41fa-9376-3d33add180a9,3,Keyboard,keyboard
1787856912921929300,548639687000000,P001_S01_ST1ST_T01_R02,0b6f511a-add7-479b-877b-d2db09aedde3,5,Keyboard,keyboard
1787856913435617400,548640203000000,P001_S01_ST1ST_T01_R02,3d56053c-6475-4d9b-8d10-d6ed4dab56ca,3,Keyboard,keyboard
1787856914685117600,548641453000000,P001_S01_ST1ST_T01_R02,073aeeaa-5b14-4926-b1f2-08ed16dca56b,2,Keyboard,keyboard
1787856915813826200,548642578000000,P001_S01_ST1ST_T01_R02,5d3eb1b2-0930-4603-9605-5e0ae2ba7f80,1,Keyboard,keyboard
1787856916494550000,548643265000000,P001_S01_ST1ST_T01_R02,e9762aa5-8419-4411-a175-595d42990371,1,Keyboard,keyboard
1787856917001163200,548643765000000,P001_S01_ST1ST_T01_R02,6a85723b-5232-40c5-856d-838190243652,3,Keyboard,keyboard
1787856917719959100,548644484000000,P001_S01_ST1ST_T01_R02,6be1ab93-9505-4ca9-b25a-66836afa7208,5,Keyboard,keyboard
1787856918259852600,548645031000000,P001_S01_ST1ST_T01_R02,e6814d57-99c8-4c7a-a4b7-f9ef113f7099,5,Keyboard,keyboard
1787856919047232400,548645812000000,P001_S01_ST1ST_T01_R02,339cca60-d62c-4fc9-a1f9-0e55f579c436,5,Keyboard,keyboard
1787856919903619900,548646671000000,P001_S01_ST1ST_T01_R02,5a317449-dd54-449a-a355-8156de87a0f3,3,Keyboard,keyboard
1787856921953417200,548648718000000,P001_S01_ST1ST_T01_R02,2ee33806-5127-4e04-a6d4-cf8d2d9206a9,0,Keyboard,keyboard
1787856922471506400,548649234000000,P001_S01_ST1ST_T01_R02,857738b2-3cc3-419a-ad9f-60f4dc5baa99,0,Keyboard,keyboard
1787856923284592800,548650046000000,P001_S01_ST1ST_T01_R02,2635bf11-88ee-4c8d-b65c-48ca54f46c38,3,Keyboard,keyboard
1787856924003696200,548650765000000,P001_S01_ST1ST_T01_R02,cdc08fa1-83b8-400a-900b-b6263ff16618,0,Keyboard,keyboard
1787856924427228600,548651203000000,P001_S01_ST1ST_T01_R02,e1fbfe00-ea7f-49d8-b659-5588a3305cba,3,Keyboard,keyboard
1787856924944322800,548651718000000,P001_S01_ST1ST_T01_R02,e2cf6e02-6ba5-4b73-b044-e17548a15453,5,Keyboard,keyboard
1787856925553950600,548652328000000,P001_S01_ST1ST_T01_R02,0f9f5049-fc65-4a89-b358-d1716c07da8b,5,Keyboard,keyboard
1787856926008535100,548652781000000,P001_S01_ST1ST_T01_R02,31a65069-1ef9-4d31-84cd-a0867b7ade56,5,Keyboard,keyboard
1787856926928809700,548653703000000,P001_S01_ST1ST_T01_R02,a2895a61-0cb5-4510-aed0-2d1bce443c09,3,Keyboard,keyboard
1787856927370984300,548654140000000,P001_S01_ST1ST_T01_R02,2ea7ba6b-0b0b-432a-bd22-41de8e4a7789,3,Keyboard,keyboard
