timestamp,participant_id,session_id,trial_id,condition_code,run_code,condition_name,practice,episode,steps,total_reward,target_reached,human_feedback_given
1787760866.207120,P001,P001_S01,P001_S01_ST1TR_TR01_R02,TR01,R02,Gridworld_Requested_Keyboard,1,1,2,-50.5,0,0
1787760866.397190,P001,P001_S01,P001_S01_ST1TR_TR01_R02,TR01,R02,Gridworld_Requested_Keyboard,1,2,3,-52.0,0,0
1787760866.647828,P001,P001_S01,P001_S01_ST1TR_TR01_R02,TR01,R02,Gridworld_Requested_Keyboard,1,3,4,-51.5,0,0
1787760866.711414,P001,P001_S01,P001_S01_ST1TR_TR01_R02,TR01,R02,Gridworld_Requested_Keyboard,1,4,1,-50.0,0,0
1787760866.838151,P001,P001_S01,P001_S01_ST1TR_TR01_R02,TR01,R02,Gridworld_Requested_Keyboard,1,5,2,-50.5,0,0
1787760866.901176,P001,P001_S01,P001_S01_ST1TR_TR01_R02,TR01,R02,Gridworld_Requested_Keyboard,1,6,1,-50.0,0,0
1787760867.277900,P001,P001_S01,P001_S01_ST1TR_TR01_R02,TR01,R02,Gridworld_Requested_Keyboard,1,7,6,-54.5,0,0
1787760867.340982,P001,P001_S01,P001_S01_ST1TR_TR01_R02,TR01,R02,Gridworld_Requested_Keyboard,1,8,1,-50.0,0,0
1787760867.465946,P001,P001_S01,P001_S01_ST1TR_TR01_R02,TR01,R02,Gridworld_Requested_Keyboard,1,9,2,-50.5,0,0
1787760867.733099,P001,P001_S01,P001_S01_ST1TR_TR01_R02,TR01,R02,Gridworld_Requested_Keyboard,1,10,4,-51.5,0,0
1787760868.185634,P001,P001_S01,P001_S01_ST1TR_TR01_R02,TR01,R02,Gridworld_Requested_Keyboard,1,11,7,-54.0,0,0
1787760868.876870,P001,P001_S01,P001_S01_ST1TR_TR01_R02,TR01,R02,Gridworld_Requested_Keyboard,1,12,11,-59.0,0,0
1787760869.065065,P001,P001_S01,P001_S01_ST1TR_TR01_R02,TR01,R02,Gridworld_Requested_Keyboard,1,13,3,-51.0,0,0
1787760869.379014,P001,P001_S01,P001_S01_ST1TR_TR01_R02,TR01,R02,Gridworld_Requested_Keyboard,1,14,5,-54.0,0,0
1787760871.697887,P001,P001_S01,P001_S01_ST1TR_TR01_R02,TR01,R02,Gridworld_Requested_Keyboard,1,15,8,-55.5,0,1
1787760871.884304,P001,P001_S01,P001_S01_ST1TR_TR01_R02,TR01,R02,Gridworld_Requested_Keyboard,1,16,3,-51.0,0,0
1787760872.075898,P001,P001_S01,P001_S01_ST1TR_TR01_R02,TR01,R02,Gridworld_Requested_Keyboard,1,17,3,-51.0,0,0
1787760872.519054,P001,P001_S01,P001_S01_ST1TR_TR01_R02,TR01,R02,Gridworld_Requested_Keyboard,1,18,7,-54.0,0,0
1787760872.644170,P001,P001_S01,P001_S01_ST1TR_TR01_R02,TR01,R02,Gridworld_Requested_Keyboard,1,19,2,-50.5,0,0
1787760872.896988,P001,P001_S01,P001_S01_ST1TR_TR01_R02,TR01,R02,Gridworld_Requested_Keyboard,1,20,4,-51.5,0,0
1787760873.024007,P001,P001_S01,P001_S01_ST1TR_TR01_R02,TR01,R02,Gridworld_Requested_Keyboard,1,21,2,-50.5,0,0
1787760873.275913,P001,P001_S01,P001_S01_ST1TR_TR01_R02,TR01,R02,Gridworld_Requested_Keyboard,1,22,4,-52.5,0,0
1787760873.339933,P001,P001_S01,P001_S01_ST1TR_TR01_R02,TR01,R02,Gridworld_Requested_Keyboard,1,23,1,-50.0,0,0
1787760873.782125,P001,P001_S01,P001_S01_ST1TR_TR01_R02,TR01,R02,Gridworld_Requested_Keyboard,1,24,7,-55.0,0,0
1787760874.034710,P001,P001_S01,P001_S01_ST1TR_TR01_R02,TR01,R02,Gridworld_Requested_Keyboard,1,25,4,-51.5,0,0
1787760874.299861,P001,P001_S01,P001_S01_ST1TR_TR01_R02,TR01,R02,Gridworld_Requested_Keyboard,1,26,4,-52.5,0,0
1787760874.725659,P001,P001_S01,P001_S01_ST1TR_TR01_R02,TR01,R02,Gridworld_Requested_Keyboard,1,27,7,-54.0,0,0
1787760877.096268,P001,P001_S01,P001_S01_ST1TR_TR01_R02,TR01,R02,Gridworld_Requested_Keyboard,1,28,17,-64.0,0,1
1787760877.852879,P001,P001_S01,P001_S01_ST1TR_TR01_R02,TR01,R02,Gridworld_Requested_Keyboard,1,29,12,-59.5,0,0
1787760877.979004,P001,P001_S01,P001_S01_ST1TR_TR01_R02,TR01,R02,Gridworld_Requested_Keyboard,1,30,2,-50.5,0,0
1787760878.353688,P001,P001_S01,P001_S01_ST1TR_TR01_R02,TR01,R02,Gridworld_Requested_Keyboard,1,31,6,-53.5,0,0
1787760878.666915,P001,P001_S01,P001_S01_ST1TR_TR01_R02,TR01,R02,Gridworld_Requested_Keyboard,1,32,5,-52.0,0,0
1787760879.106964,P001,P001_S01,P001_S01_ST1TR_TR01_R02,TR01,R02,Gridworld_Requested_Keyboard,1,33,7,-54.0,0,0
1787760879.487111,P001,P001_S01,P001_S01_ST1TR_TR01_R02,TR01,R02,Gridworld_Requested_Keyboard,1,34,6,-53.5,0,0
1787760879.865125,P001,P001_S01,P001_S01_ST1TR_TR01_R02,TR01,R02,Gridworld_Requested_Keyboard,1,35,6,-53.5,0,0
1787760880.367176,P001,P001_S01,P001_S01_ST1TR_TR01_R02,TR01,R02,Gridworld_Requested_Keyboard,1,36,8,-54.5,0,0
1787760880.741987,P001,P001_S01,P001_S01_ST1TR_TR01_R02,TR01,R02,Gridworld_Requested_Keyboard,1,37,6,-52.5,0,0
1787760881.244979,P001,P001_S01,P001_S01_ST1TR_TR01_R02,TR01,R02,Gridworld_Requested_Keyboard,1,38,8,-54.5,0,0
1787760881.624049,P001,P001_S01,P001_S01_ST1TR_TR01_R02,TR01,R02,Gridworld_Requested_Keyboard,1,39,6,-53.5,0,0
1787760881.875025,P001,P001_S01,P001_S01_ST1TR_TR01_R02,TR01,R02,Gridworld_Requested_Keyboard,1,40,4,-51.5,0,0
1787760882.190027,P001,P001_S01,P001_S01_ST1TR_TR01_R02,TR01,R02,Gridworld_Requested_Keyboard,1,41,5,-52.0,0,0
1787760884.401418,P001,P001_S01,P001_S01_ST1TR_TR01_R02,TR01,R02,Gridworld_Requested_Keyboard,1,42,12,-58.5,0,1
